Country,Smokers_Indicator,Smokers_Subject,Smokers_Measure,Smokers_Frequency,TIME,Smokers_Value,Smokers_Flag_Codes,Alcohol_Indicator,Alcohol_Subject,Alcohol_Measure,Alcohol_Frequency,Alcohol_Value,Alcohol_Flag_Codes,Population_Indicator,Population_Subject,Population_Measure,Population_Frequency,Population_Value,Population_Flag_Codes
AUS,SMOKERS,TOT,PC_POP15,A,1964,43.0,,ALCOHOL,TOT,LT_CAP15,A,10.1,,POP,TOT,MLN_PER,A,11.1216,
AUS,SMOKERS,TOT,PC_POP15,A,1966,40.0,,ALCOHOL,TOT,LT_CAP15,A,10.3,,POP,TOT,MLN_PER,A,11.599498,
AUS,SMOKERS,TOT,PC_POP15,A,1969,37.0,,ALCOHOL,TOT,LT_CAP15,A,11.6,,POP,TOT,MLN_PER,A,12.263014,
AUS,SMOKERS,TOT,PC_POP15,A,1974,37.8,,ALCOHOL,TOT,LT_CAP15,A,13.1,,POP,TOT,MLN_PER,A,13.722571,
AUS,SMOKERS,TOT,PC_POP15,A,1976,38.4,,ALCOHOL,TOT,LT_CAP15,A,13.1,,POP,TOT,MLN_PER,A,14.033083,
AUS,SMOKERS,TOT,PC_POP15,A,1980,36.0,,ALCOHOL,TOT,LT_CAP15,A,12.7,,POP,TOT,MLN_PER,A,14.695356,
AUS,SMOKERS,TOT,PC_POP15,A,1983,35.4,,ALCOHOL,TOT,LT_CAP15,A,12.2,,POP,TOT,MLN_PER,A,15.393472,
AUS,SMOKERS,TOT,PC_POP15,A,1986,30.6,,ALCOHOL,TOT,LT_CAP15,A,11.3,,POP,TOT,MLN_PER,A,16.01835,
AUS,SMOKERS,TOT,PC_POP15,A,1989,28.6,,ALCOHOL,TOT,LT_CAP15,A,11.0,,POP,TOT,MLN_PER,A,16.814416,
AUS,SMOKERS,TOT,PC_POP15,A,1992,26.0,,ALCOHOL,TOT,LT_CAP15,A,9.9,,POP,TOT,MLN_PER,A,17.478635,
AUS,SMOKERS,TOT,PC_POP15,A,1995,24.1,,ALCOHOL,TOT,LT_CAP15,A,9.8,,POP,TOT,MLN_PER,A,18.004882,
AUS,SMOKERS,TOT,PC_POP15,A,1998,22.1,,ALCOHOL,TOT,LT_CAP15,A,10.0,,POP,TOT,MLN_PER,A,18.607584,
AUS,SMOKERS,TOT,PC_POP15,A,2001,19.6,,ALCOHOL,TOT,LT_CAP15,A,10.0,,POP,TOT,MLN_PER,A,19.274701,
AUS,SMOKERS,TOT,PC_POP15,A,2004,17.8,,ALCOHOL,TOT,LT_CAP15,A,10.5,B,POP,TOT,MLN_PER,A,19.932722,
AUS,SMOKERS,TOT,PC_POP15,A,2007,16.9,,ALCOHOL,TOT,LT_CAP15,A,10.8,,POP,TOT,MLN_PER,A,20.827622,
AUS,SMOKERS,TOT,PC_POP15,A,2010,15.3,,ALCOHOL,TOT,LT_CAP15,A,10.4,,POP,TOT,MLN_PER,A,22.03175,
AUS,SMOKERS,TOT,PC_POP15,A,2013,13.0,,ALCOHOL,TOT,LT_CAP15,A,9.9,,POP,TOT,MLN_PER,A,23.128129,
AUS,SMOKERS,TOT,PC_POP15,A,2016,12.4,,ALCOHOL,TOT,LT_CAP15,A,9.5,,POP,TOT,MLN_PER,A,24.190907,
AUT,SMOKERS,TOT,PC_POP15,A,1972,22.9,,ALCOHOL,TOT,LT_CAP15,A,14.4,,POP,TOT,MLN_PER,A,7.544201,
AUT,SMOKERS,TOT,PC_POP15,A,1979,23.5,,ALCOHOL,TOT,LT_CAP15,A,13.6,,POP,TOT,MLN_PER,A,7.549425,
AUT,SMOKERS,TOT,PC_POP15,A,1986,25.5,,ALCOHOL,TOT,LT_CAP15,A,13.6,,POP,TOT,MLN_PER,A,7.569794,
AUT,SMOKERS,TOT,PC_POP15,A,1997,24.3,,ALCOHOL,TOT,LT_CAP15,A,12.9,,POP,TOT,MLN_PER,A,7.968041,
AUT,SMOKERS,TOT,PC_POP15,A,2006,23.2,,ALCOHOL,TOT,LT_CAP15,A,12.5,,POP,TOT,MLN_PER,A,8.267948,
AUT,SMOKERS,TOT,PC_POP15,A,2014,24.3,,ALCOHOL,TOT,LT_CAP15,A,12.2,,POP,TOT,MLN_PER,A,8.543932,
AUT,SMOKERS,TOT,PC_POP15,A,2019,20.6,,ALCOHOL,TOT,LT_CAP15,A,11.6,,POP,TOT,MLN_PER,A,8.877637,
BEL,SMOKERS,TOT,PC_POP15,A,1997,25.5,,ALCOHOL,TOT,LT_CAP15,A,10.9,,POP,TOT,MLN_PER,A,10.181246,
BEL,SMOKERS,TOT,PC_POP15,A,2001,24.1,,ALCOHOL,TOT,LT_CAP15,A,11.0,,POP,TOT,MLN_PER,A,10.286571,
BEL,SMOKERS,TOT,PC_POP15,A,2004,23.7,,ALCOHOL,TOT,LT_CAP15,A,12.1,,POP,TOT,MLN_PER,A,10.421136,
BEL,SMOKERS,TOT,PC_POP15,A,2008,20.5,,ALCOHOL,TOT,LT_CAP15,A,10.5,,POP,TOT,MLN_PER,A,10.709108,
BEL,SMOKERS,TOT,PC_POP15,A,2013,18.9,,ALCOHOL,TOT,LT_CAP15,A,10.3,,POP,TOT,MLN_PER,A,11.125033,
BEL,SMOKERS,TOT,PC_POP15,A,2018,15.4,,ALCOHOL,TOT,LT_CAP15,A,9.2,,POP,TOT,MLN_PER,A,11.40374,
CAN,SMOKERS,TOT,PC_POP15,A,1964,42.0,,ALCOHOL,TOT,LT_CAP15,A,7.6,,POP,TOT,MLN_PER,A,19.719595,
CAN,SMOKERS,TOT,PC_POP15,A,1965,42.5,,ALCOHOL,TOT,LT_CAP15,A,7.8,,POP,TOT,MLN_PER,A,20.084314,
CAN,SMOKERS,TOT,PC_POP15,A,1966,42.5,,ALCOHOL,TOT,LT_CAP15,A,8.1,,POP,TOT,MLN_PER,A,20.420867,
CAN,SMOKERS,TOT,PC_POP15,A,1967,42.0,,ALCOHOL,TOT,LT_CAP15,A,8.3,,POP,TOT,MLN_PER,A,20.795138,
CAN,SMOKERS,TOT,PC_POP15,A,1968,41.0,,ALCOHOL,TOT,LT_CAP15,A,8.3,,POP,TOT,MLN_PER,A,21.129417,
CAN,SMOKERS,TOT,PC_POP15,A,1969,40.0,,ALCOHOL,TOT,LT_CAP15,A,8.5,,POP,TOT,MLN_PER,A,21.43983,
CAN,SMOKERS,TOT,PC_POP15,A,1970,39.5,,ALCOHOL,TOT,LT_CAP15,A,8.8,,POP,TOT,MLN_PER,A,21.746497,
CAN,SMOKERS,TOT,PC_POP15,A,1971,39.5,,ALCOHOL,TOT,LT_CAP15,A,9.4,,POP,TOT,MLN_PER,A,21.962032,
CAN,SMOKERS,TOT,PC_POP15,A,1972,39.0,,ALCOHOL,TOT,LT_CAP15,A,9.9,,POP,TOT,MLN_PER,A,22.218463,
CAN,SMOKERS,TOT,PC_POP15,A,1979,34.4,,ALCOHOL,TOT,LT_CAP15,A,10.9,,POP,TOT,MLN_PER,A,24.201544,
CAN,SMOKERS,TOT,PC_POP15,A,1981,32.8,,ALCOHOL,TOT,LT_CAP15,A,10.8,,POP,TOT,MLN_PER,A,24.819915,
CAN,SMOKERS,TOT,PC_POP15,A,1983,31.2,,ALCOHOL,TOT,LT_CAP15,A,10.2,,POP,TOT,MLN_PER,A,25.366451,
CAN,SMOKERS,TOT,PC_POP15,A,1985,30.4,,ALCOHOL,TOT,LT_CAP15,A,9.8,,POP,TOT,MLN_PER,A,25.842116,
CAN,SMOKERS,TOT,PC_POP15,A,1986,28.3,,ALCOHOL,TOT,LT_CAP15,A,9.6,,POP,TOT,MLN_PER,A,26.100278,
CAN,SMOKERS,TOT,PC_POP15,A,1988,30.8,,ALCOHOL,TOT,LT_CAP15,A,9.4,,POP,TOT,MLN_PER,A,26.791747,
CAN,SMOKERS,TOT,PC_POP15,A,1989,31.0,,ALCOHOL,TOT,LT_CAP15,A,8.8,B,POP,TOT,MLN_PER,A,27.276781,
CAN,SMOKERS,TOT,PC_POP15,A,1990,28.2,,ALCOHOL,TOT,LT_CAP15,A,8.5,,POP,TOT,MLN_PER,A,27.691138,
CAN,SMOKERS,TOT,PC_POP15,A,1991,25.9,,ALCOHOL,TOT,LT_CAP15,A,8.2,,POP,TOT,MLN_PER,A,28.03742,
CAN,SMOKERS,TOT,PC_POP15,A,1994,25.5,,ALCOHOL,TOT,LT_CAP15,A,7.4,,POP,TOT,MLN_PER,A,29.000663,
CAN,SMOKERS,TOT,PC_POP15,A,1996,24.5,,ALCOHOL,TOT,LT_CAP15,A,7.4,,POP,TOT,MLN_PER,A,29.610218,
CAN,SMOKERS,TOT,PC_POP15,A,1998,23.8,,ALCOHOL,TOT,LT_CAP15,A,7.3,,POP,TOT,MLN_PER,A,30.155173,
CAN,SMOKERS,TOT,PC_POP15,A,2001,22.4,,ALCOHOL,TOT,LT_CAP15,A,7.6,,POP,TOT,MLN_PER,A,31.020902,
CAN,SMOKERS,TOT,PC_POP15,A,2003,18.7,,ALCOHOL,TOT,LT_CAP15,A,7.7,,POP,TOT,MLN_PER,A,31.644028,
CAN,SMOKERS,TOT,PC_POP15,A,2005,17.3,,ALCOHOL,TOT,LT_CAP15,A,8.0,B,POP,TOT,MLN_PER,A,32.243753,
CAN,SMOKERS,TOT,PC_POP15,A,2007,18.2,,ALCOHOL,TOT,LT_CAP15,A,8.4,,POP,TOT,MLN_PER,A,32.889025,
CAN,SMOKERS,TOT,PC_POP15,A,2008,17.5,,ALCOHOL,TOT,LT_CAP15,A,8.4,,POP,TOT,MLN_PER,A,33.247118,
CAN,SMOKERS,TOT,PC_POP15,A,2009,16.2,,ALCOHOL,TOT,LT_CAP15,A,8.4,,POP,TOT,MLN_PER,A,33.628895,
CAN,SMOKERS,TOT,PC_POP15,A,2010,16.3,,ALCOHOL,TOT,LT_CAP15,A,8.4,,POP,TOT,MLN_PER,A,34.004889,
CAN,SMOKERS,TOT,PC_POP15,A,2011,15.7,,ALCOHOL,TOT,LT_CAP15,A,8.2,,POP,TOT,MLN_PER,A,34.339328,
CAN,SMOKERS,TOT,PC_POP15,A,2012,16.1,,ALCOHOL,TOT,LT_CAP15,A,8.3,,POP,TOT,MLN_PER,A,34.714222,
CAN,SMOKERS,TOT,PC_POP15,A,2013,14.9,,ALCOHOL,TOT,LT_CAP15,A,8.2,,POP,TOT,MLN_PER,A,35.082954,
CAN,SMOKERS,TOT,PC_POP15,A,2014,14.0,,ALCOHOL,TOT,LT_CAP15,A,8.0,,POP,TOT,MLN_PER,A,35.437435,
CAN,SMOKERS,TOT,PC_POP15,A,2015,13.1,B,ALCOHOL,TOT,LT_CAP15,A,8.0,,POP,TOT,MLN_PER,A,35.702908,
CAN,SMOKERS,TOT,PC_POP15,A,2016,12.5,,ALCOHOL,TOT,LT_CAP15,A,8.1,,POP,TOT,MLN_PER,A,36.109487,
CAN,SMOKERS,TOT,PC_POP15,A,2017,12.0,,ALCOHOL,TOT,LT_CAP15,A,8.2,,POP,TOT,MLN_PER,A,36.545236,
CAN,SMOKERS,TOT,PC_POP15,A,2018,11.3,,ALCOHOL,TOT,LT_CAP15,A,8.2,,POP,TOT,MLN_PER,A,37.065084,
CAN,SMOKERS,TOT,PC_POP15,A,2019,10.3,,ALCOHOL,TOT,LT_CAP15,A,8.0,,POP,TOT,MLN_PER,A,37.60123,
CAN,SMOKERS,TOT,PC_POP15,A,2020,9.4,,ALCOHOL,TOT,LT_CAP15,A,8.1,,POP,TOT,MLN_PER,A,38.037204,
CZE,SMOKERS,TOT,PC_POP15,A,1993,26.1,,ALCOHOL,TOT,LT_CAP15,A,11.5,D,POP,TOT,MLN_PER,A,10.330607,
CZE,SMOKERS,TOT,PC_POP15,A,1996,26.2,,ALCOHOL,TOT,LT_CAP15,A,11.6,D,POP,TOT,MLN_PER,A,10.315353,
CZE,SMOKERS,TOT,PC_POP15,A,1999,23.5,,ALCOHOL,TOT,LT_CAP15,A,11.9,D,POP,TOT,MLN_PER,A,10.282784,
CZE,SMOKERS,TOT,PC_POP15,A,2002,24.1,,ALCOHOL,TOT,LT_CAP15,A,11.9,D,POP,TOT,MLN_PER,A,10.200774,
CZE,SMOKERS,TOT,PC_POP15,A,2003,27.2,B,ALCOHOL,TOT,LT_CAP15,A,12.1,D,POP,TOT,MLN_PER,A,10.201651,
CZE,SMOKERS,TOT,PC_POP15,A,2004,25.4,,ALCOHOL,TOT,LT_CAP15,A,11.5,D,POP,TOT,MLN_PER,A,10.206923,
CZE,SMOKERS,TOT,PC_POP15,A,2005,24.3,,ALCOHOL,TOT,LT_CAP15,A,12.0,D,POP,TOT,MLN_PER,A,10.234092,
CZE,SMOKERS,TOT,PC_POP15,A,2006,23.4,,ALCOHOL,TOT,LT_CAP15,A,11.9,D,POP,TOT,MLN_PER,A,10.266646,
CZE,SMOKERS,TOT,PC_POP15,A,2007,24.0,,ALCOHOL,TOT,LT_CAP15,A,12.1,D,POP,TOT,MLN_PER,A,10.322689,
CZE,SMOKERS,TOT,PC_POP15,A,2008,21.8,,ALCOHOL,TOT,LT_CAP15,A,12.1,D,POP,TOT,MLN_PER,A,10.429692,
CZE,SMOKERS,TOT,PC_POP15,A,2009,23.8,,ALCOHOL,TOT,LT_CAP15,A,12.1,D,POP,TOT,MLN_PER,A,10.491492,
CZE,SMOKERS,TOT,PC_POP15,A,2010,22.8,,ALCOHOL,TOT,LT_CAP15,A,11.4,D,POP,TOT,MLN_PER,A,10.517247,
CZE,SMOKERS,TOT,PC_POP15,A,2011,21.7,,ALCOHOL,TOT,LT_CAP15,A,11.5,D,POP,TOT,MLN_PER,A,10.496672,
CZE,SMOKERS,TOT,PC_POP15,A,2012,22.9,,ALCOHOL,TOT,LT_CAP15,A,11.6,D,POP,TOT,MLN_PER,A,10.509286,
CZE,SMOKERS,TOT,PC_POP15,A,2013,22.2,,ALCOHOL,TOT,LT_CAP15,A,11.5,D,POP,TOT,MLN_PER,A,10.510719,
CZE,SMOKERS,TOT,PC_POP15,A,2014,22.3,,ALCOHOL,TOT,LT_CAP15,A,11.9,D,POP,TOT,MLN_PER,A,10.524783,
CZE,SMOKERS,TOT,PC_POP15,A,2015,18.2,,ALCOHOL,TOT,LT_CAP15,A,11.5,D,POP,TOT,MLN_PER,A,10.542942,
CZE,SMOKERS,TOT,PC_POP15,A,2016,19.6,,ALCOHOL,TOT,LT_CAP15,A,11.7,D,POP,TOT,MLN_PER,A,10.565284,
CZE,SMOKERS,TOT,PC_POP15,A,2017,18.4,,ALCOHOL,TOT,LT_CAP15,A,11.6,D,POP,TOT,MLN_PER,A,10.589526,
CZE,SMOKERS,TOT,PC_POP15,A,2018,21.1,,ALCOHOL,TOT,LT_CAP15,A,11.8,D,POP,TOT,MLN_PER,A,10.62643,
CZE,SMOKERS,TOT,PC_POP15,A,2019,18.1,,ALCOHOL,TOT,LT_CAP15,A,11.9,D,POP,TOT,MLN_PER,A,10.669324,
CZE,SMOKERS,TOT,PC_POP15,A,2020,16.6,,ALCOHOL,TOT,LT_CAP15,A,11.6,D,POP,TOT,MLN_PER,A,10.700155,
DNK,SMOKERS,TOT,PC_POP15,A,1970,57.5,,ALCOHOL,TOT,LT_CAP15,A,9.7,D,POP,TOT,MLN_PER,A,4.928748,
DNK,SMOKERS,TOT,PC_POP15,A,1971,56.0,,ALCOHOL,TOT,LT_CAP15,A,10.0,D,POP,TOT,MLN_PER,A,4.963126,
DNK,SMOKERS,TOT,PC_POP15,A,1972,55.0,,ALCOHOL,TOT,LT_CAP15,A,10.8,D,POP,TOT,MLN_PER,A,4.991596,
DNK,SMOKERS,TOT,PC_POP15,A,1973,54.5,,ALCOHOL,TOT,LT_CAP15,A,11.7,D,POP,TOT,MLN_PER,A,5.021862,
DNK,SMOKERS,TOT,PC_POP15,A,1974,55.0,,ALCOHOL,TOT,LT_CAP15,A,11.4,D,POP,TOT,MLN_PER,A,5.045298,
DNK,SMOKERS,TOT,PC_POP15,A,1975,53.0,,ALCOHOL,TOT,LT_CAP15,A,12.3,D,POP,TOT,MLN_PER,A,5.059862,
DNK,SMOKERS,TOT,PC_POP15,A,1976,54.0,,ALCOHOL,TOT,LT_CAP15,A,12.7,D,POP,TOT,MLN_PER,A,5.072597,
DNK,SMOKERS,TOT,PC_POP15,A,1977,53.0,,ALCOHOL,TOT,LT_CAP15,A,12.3,D,POP,TOT,MLN_PER,A,5.08842,
DNK,SMOKERS,TOT,PC_POP15,A,1978,51.5,,ALCOHOL,TOT,LT_CAP15,A,11.7,D,POP,TOT,MLN_PER,A,5.104248,
DNK,SMOKERS,TOT,PC_POP15,A,1979,51.0,,ALCOHOL,TOT,LT_CAP15,A,12.3,D,POP,TOT,MLN_PER,A,5.116802,
DNK,SMOKERS,TOT,PC_POP15,A,1980,50.5,,ALCOHOL,TOT,LT_CAP15,A,12.4,D,POP,TOT,MLN_PER,A,5.123027,
DNK,SMOKERS,TOT,PC_POP15,A,1981,49.0,,ALCOHOL,TOT,LT_CAP15,A,12.9,D,POP,TOT,MLN_PER,A,5.121572,
DNK,SMOKERS,TOT,PC_POP15,A,1982,48.0,,ALCOHOL,TOT,LT_CAP15,A,13.3,D,POP,TOT,MLN_PER,A,5.11781,
DNK,SMOKERS,TOT,PC_POP15,A,1983,48.5,,ALCOHOL,TOT,LT_CAP15,A,13.7,D,POP,TOT,MLN_PER,A,5.114297,
DNK,SMOKERS,TOT,PC_POP15,A,1984,47.0,,ALCOHOL,TOT,LT_CAP15,A,13.0,D,POP,TOT,MLN_PER,A,5.111619,
DNK,SMOKERS,TOT,PC_POP15,A,1985,46.5,,ALCOHOL,TOT,LT_CAP15,A,13.1,D,POP,TOT,MLN_PER,A,5.113691,
DNK,SMOKERS,TOT,PC_POP15,A,1986,49.0,,ALCOHOL,TOT,LT_CAP15,A,12.8,D,POP,TOT,MLN_PER,A,5.120534,
DNK,SMOKERS,TOT,PC_POP15,A,1987,46.0,,ALCOHOL,TOT,LT_CAP15,A,12.5,D,POP,TOT,MLN_PER,A,5.127024,
DNK,SMOKERS,TOT,PC_POP15,A,1988,44.5,,ALCOHOL,TOT,LT_CAP15,A,12.5,D,POP,TOT,MLN_PER,A,5.129517,
DNK,SMOKERS,TOT,PC_POP15,A,1989,44.0,,ALCOHOL,TOT,LT_CAP15,A,12.2,D,POP,TOT,MLN_PER,A,5.132594,
DNK,SMOKERS,TOT,PC_POP15,A,1990,44.5,,ALCOHOL,TOT,LT_CAP15,A,12.3,D,POP,TOT,MLN_PER,A,5.140939,
DNK,SMOKERS,TOT,PC_POP15,A,1991,44.0,,ALCOHOL,TOT,LT_CAP15,A,12.2,D,POP,TOT,MLN_PER,A,5.154298,
DNK,SMOKERS,TOT,PC_POP15,A,1992,42.5,,ALCOHOL,TOT,LT_CAP15,A,12.5,D,POP,TOT,MLN_PER,A,5.17137,
DNK,SMOKERS,TOT,PC_POP15,A,1993,42.0,,ALCOHOL,TOT,LT_CAP15,A,12.3,D,POP,TOT,MLN_PER,A,5.189377,
DNK,SMOKERS,TOT,PC_POP15,A,1994,37.0,B,ALCOHOL,TOT,LT_CAP15,A,12.5,D,POP,TOT,MLN_PER,A,5.204994,
DNK,SMOKERS,TOT,PC_POP15,A,1995,35.5,,ALCOHOL,TOT,LT_CAP15,A,12.7,D,POP,TOT,MLN_PER,A,5.227861,
DNK,SMOKERS,TOT,PC_POP15,A,1996,34.0,,ALCOHOL,TOT,LT_CAP15,A,12.7,D,POP,TOT,MLN_PER,A,5.261503,
DNK,SMOKERS,TOT,PC_POP15,A,1997,32.0,,ALCOHOL,TOT,LT_CAP15,A,12.6,D,POP,TOT,MLN_PER,A,5.28422,
DNK,SMOKERS,TOT,PC_POP15,A,1998,31.0,,ALCOHOL,TOT,LT_CAP15,A,12.1,D,POP,TOT,MLN_PER,A,5.301304,
DNK,SMOKERS,TOT,PC_POP15,A,1999,31.0,,ALCOHOL,TOT,LT_CAP15,A,12.1,D,POP,TOT,MLN_PER,A,5.319111,
DNK,SMOKERS,TOT,PC_POP15,A,2000,30.5,,ALCOHOL,TOT,LT_CAP15,A,12.2,D,POP,TOT,MLN_PER,A,5.337344,
DNK,SMOKERS,TOT,PC_POP15,A,2001,29.5,,ALCOHOL,TOT,LT_CAP15,A,12.0,D,POP,TOT,MLN_PER,A,5.355082,
DNK,SMOKERS,TOT,PC_POP15,A,2002,28.0,,ALCOHOL,TOT,LT_CAP15,A,11.8,D,POP,TOT,MLN_PER,A,5.374255,
DNK,SMOKERS,TOT,PC_POP15,A,2003,28.0,,ALCOHOL,TOT,LT_CAP15,A,12.0,D,POP,TOT,MLN_PER,A,5.387174,
DNK,SMOKERS,TOT,PC_POP15,A,2004,26.0,,ALCOHOL,TOT,LT_CAP15,A,11.8,D,POP,TOT,MLN_PER,A,5.401177,
DNK,SMOKERS,TOT,PC_POP15,A,2005,26.0,,ALCOHOL,TOT,LT_CAP15,A,11.8,D,POP,TOT,MLN_PER,A,5.415978,
DNK,SMOKERS,TOT,PC_POP15,A,2006,25.0,,ALCOHOL,TOT,LT_CAP15,A,11.6,D,POP,TOT,MLN_PER,A,5.434567,
DNK,SMOKERS,TOT,PC_POP15,A,2007,24.0,,ALCOHOL,TOT,LT_CAP15,A,11.6,D,POP,TOT,MLN_PER,A,5.457415,
DNK,SMOKERS,TOT,PC_POP15,A,2008,23.0,,ALCOHOL,TOT,LT_CAP15,A,11.3,D,POP,TOT,MLN_PER,A,5.489022,
DNK,SMOKERS,TOT,PC_POP15,A,2009,19.0,,ALCOHOL,TOT,LT_CAP15,A,10.6,D,POP,TOT,MLN_PER,A,5.519441,
DNK,SMOKERS,TOT,PC_POP15,A,2010,20.9,B,ALCOHOL,TOT,LT_CAP15,A,10.8,D,POP,TOT,MLN_PER,A,5.543819,
DNK,SMOKERS,TOT,PC_POP15,A,2013,17.0,,ALCOHOL,TOT,LT_CAP15,A,10.0,D,POP,TOT,MLN_PER,A,5.608784,
DNK,SMOKERS,TOT,PC_POP15,A,2017,16.9,,ALCOHOL,TOT,LT_CAP15,A,9.7,D,POP,TOT,MLN_PER,A,5.760694,
FIN,SMOKERS,TOT,PC_POP15,A,1978,26.6,,ALCOHOL,TOT,LT_CAP15,A,7.9,,POP,TOT,MLN_PER,A,4.752527,
FIN,SMOKERS,TOT,PC_POP15,A,1979,27.2,,ALCOHOL,TOT,LT_CAP15,A,7.8,,POP,TOT,MLN_PER,A,4.764691,
FIN,SMOKERS,TOT,PC_POP15,A,1980,26.1,,ALCOHOL,TOT,LT_CAP15,A,7.9,,POP,TOT,MLN_PER,A,4.779537,
FIN,SMOKERS,TOT,PC_POP15,A,1981,27.2,,ALCOHOL,TOT,LT_CAP15,A,8.0,,POP,TOT,MLN_PER,A,4.799962,
FIN,SMOKERS,TOT,PC_POP15,A,1982,24.4,,ALCOHOL,TOT,LT_CAP15,A,7.9,,POP,TOT,MLN_PER,A,4.826931,
FIN,SMOKERS,TOT,PC_POP15,A,1983,24.9,,ALCOHOL,TOT,LT_CAP15,A,7.9,,POP,TOT,MLN_PER,A,4.855786,
FIN,SMOKERS,TOT,PC_POP15,A,1984,24.6,,ALCOHOL,TOT,LT_CAP15,A,8.1,,POP,TOT,MLN_PER,A,4.881806,
FIN,SMOKERS,TOT,PC_POP15,A,1985,22.8,,ALCOHOL,TOT,LT_CAP15,A,8.0,,POP,TOT,MLN_PER,A,4.902202,
FIN,SMOKERS,TOT,PC_POP15,A,1986,25.1,,ALCOHOL,TOT,LT_CAP15,A,8.5,,POP,TOT,MLN_PER,A,4.91815,
FIN,SMOKERS,TOT,PC_POP15,A,1987,26.7,,ALCOHOL,TOT,LT_CAP15,A,8.8,,POP,TOT,MLN_PER,A,4.932123,
FIN,SMOKERS,TOT,PC_POP15,A,1988,26.7,,ALCOHOL,TOT,LT_CAP15,A,9.0,,POP,TOT,MLN_PER,A,4.946487,
FIN,SMOKERS,TOT,PC_POP15,A,1989,25.9,,ALCOHOL,TOT,LT_CAP15,A,9.4,,POP,TOT,MLN_PER,A,4.96437,
FIN,SMOKERS,TOT,PC_POP15,A,1990,25.9,,ALCOHOL,TOT,LT_CAP15,A,9.5,,POP,TOT,MLN_PER,A,4.986433,
FIN,SMOKERS,TOT,PC_POP15,A,1991,27.0,,ALCOHOL,TOT,LT_CAP15,A,9.2,,POP,TOT,MLN_PER,A,5.013737,
FIN,SMOKERS,TOT,PC_POP15,A,1992,26.0,,ALCOHOL,TOT,LT_CAP15,A,8.9,,POP,TOT,MLN_PER,A,5.04199,
FIN,SMOKERS,TOT,PC_POP15,A,1993,23.9,,ALCOHOL,TOT,LT_CAP15,A,8.4,,POP,TOT,MLN_PER,A,5.066452,
FIN,SMOKERS,TOT,PC_POP15,A,1994,22.7,,ALCOHOL,TOT,LT_CAP15,A,8.2,,POP,TOT,MLN_PER,A,5.088324,
FIN,SMOKERS,TOT,PC_POP15,A,1995,24.0,,ALCOHOL,TOT,LT_CAP15,A,8.3,,POP,TOT,MLN_PER,A,5.107787,
FIN,SMOKERS,TOT,PC_POP15,A,1996,22.4,,ALCOHOL,TOT,LT_CAP15,A,8.2,,POP,TOT,MLN_PER,A,5.124573,
FIN,SMOKERS,TOT,PC_POP15,A,1997,24.1,,ALCOHOL,TOT,LT_CAP15,A,8.6,,POP,TOT,MLN_PER,A,5.139839,
FIN,SMOKERS,TOT,PC_POP15,A,1998,25.1,,ALCOHOL,TOT,LT_CAP15,A,8.6,,POP,TOT,MLN_PER,A,5.153499,
FIN,SMOKERS,TOT,PC_POP15,A,1999,23.2,,ALCOHOL,TOT,LT_CAP15,A,8.6,,POP,TOT,MLN_PER,A,5.16547,
FIN,SMOKERS,TOT,PC_POP15,A,2000,23.4,,ALCOHOL,TOT,LT_CAP15,A,8.6,,POP,TOT,MLN_PER,A,5.176203,
FIN,SMOKERS,TOT,PC_POP15,A,2001,23.8,,ALCOHOL,TOT,LT_CAP15,A,9.0,,POP,TOT,MLN_PER,A,5.188005,
FIN,SMOKERS,TOT,PC_POP15,A,2002,23.4,,ALCOHOL,TOT,LT_CAP15,A,9.2,,POP,TOT,MLN_PER,A,5.200598,
FIN,SMOKERS,TOT,PC_POP15,A,2003,22.2,,ALCOHOL,TOT,LT_CAP15,A,9.3,,POP,TOT,MLN_PER,A,5.21301,
FIN,SMOKERS,TOT,PC_POP15,A,2004,23.0,,ALCOHOL,TOT,LT_CAP15,A,9.9,,POP,TOT,MLN_PER,A,5.228173,
FIN,SMOKERS,TOT,PC_POP15,A,2005,21.8,,ALCOHOL,TOT,LT_CAP15,A,10.0,,POP,TOT,MLN_PER,A,5.2461,
FIN,SMOKERS,TOT,PC_POP15,A,2006,21.4,,ALCOHOL,TOT,LT_CAP15,A,10.1,,POP,TOT,MLN_PER,A,5.266266,
FIN,SMOKERS,TOT,PC_POP15,A,2007,20.6,,ALCOHOL,TOT,LT_CAP15,A,10.5,,POP,TOT,MLN_PER,A,5.288719,
FIN,SMOKERS,TOT,PC_POP15,A,2008,20.4,,ALCOHOL,TOT,LT_CAP15,A,10.3,,POP,TOT,MLN_PER,A,5.313398,
FIN,SMOKERS,TOT,PC_POP15,A,2009,18.6,,ALCOHOL,TOT,LT_CAP15,A,10.0,,POP,TOT,MLN_PER,A,5.338867,
FIN,SMOKERS,TOT,PC_POP15,A,2010,19.0,,ALCOHOL,TOT,LT_CAP15,A,9.7,,POP,TOT,MLN_PER,A,5.363341,
FIN,SMOKERS,TOT,PC_POP15,A,2011,17.8,,ALCOHOL,TOT,LT_CAP15,A,9.8,,POP,TOT,MLN_PER,A,5.388272,
FIN,SMOKERS,TOT,PC_POP15,A,2012,17.0,,ALCOHOL,TOT,LT_CAP15,A,9.3,,POP,TOT,MLN_PER,A,5.413967,
FIN,SMOKERS,TOT,PC_POP15,A,2013,15.8,,ALCOHOL,TOT,LT_CAP15,A,9.1,,POP,TOT,MLN_PER,A,5.438975,
FIN,SMOKERS,TOT,PC_POP15,A,2014,15.4,,ALCOHOL,TOT,LT_CAP15,A,8.8,,POP,TOT,MLN_PER,A,5.461507,
FIN,SMOKERS,TOT,PC_POP15,A,2015,17.4,D,ALCOHOL,TOT,LT_CAP15,A,8.5,,POP,TOT,MLN_PER,A,5.479528,
FIN,SMOKERS,TOT,PC_POP15,A,2016,15.0,D,ALCOHOL,TOT,LT_CAP15,A,8.4,,POP,TOT,MLN_PER,A,5.495297,
FIN,SMOKERS,TOT,PC_POP15,A,2017,13.0,D,ALCOHOL,TOT,LT_CAP15,A,8.4,,POP,TOT,MLN_PER,A,5.508209,
FIN,SMOKERS,TOT,PC_POP15,A,2018,14.0,D,ALCOHOL,TOT,LT_CAP15,A,8.4,,POP,TOT,MLN_PER,A,5.515525,
FIN,SMOKERS,TOT,PC_POP15,A,2019,13.0,D,ALCOHOL,TOT,LT_CAP15,A,8.2,,POP,TOT,MLN_PER,A,5.521605,
FIN,SMOKERS,TOT,PC_POP15,A,2020,12.0,D,ALCOHOL,TOT,LT_CAP15,A,8.2,,POP,TOT,MLN_PER,A,5.529545,
FRA,SMOKERS,TOT,PC_POP15,A,1988,27.0,B,ALCOHOL,TOT,LT_CAP15,A,16.8,,POP,TOT,MLN_PER,A,56.117974,
FRA,SMOKERS,TOT,PC_POP15,A,1989,28.0,,ALCOHOL,TOT,LT_CAP15,A,17.0,,POP,TOT,MLN_PER,A,56.423411,
FRA,SMOKERS,TOT,PC_POP15,A,1990,31.0,,ALCOHOL,TOT,LT_CAP15,A,15.4,,POP,TOT,MLN_PER,A,56.708826,
FRA,SMOKERS,TOT,PC_POP15,A,1991,31.0,,ALCOHOL,TOT,LT_CAP15,A,15.4,,POP,TOT,MLN_PER,A,58.425681,
FRA,SMOKERS,TOT,PC_POP15,A,1992,29.0,,ALCOHOL,TOT,LT_CAP15,A,15.4,,POP,TOT,MLN_PER,A,58.711615,
FRA,SMOKERS,TOT,PC_POP15,A,1993,29.0,,ALCOHOL,TOT,LT_CAP15,A,14.7,,POP,TOT,MLN_PER,A,58.961049,
FRA,SMOKERS,TOT,PC_POP15,A,1994,28.0,,ALCOHOL,TOT,LT_CAP15,A,14.6,,POP,TOT,MLN_PER,A,59.175335,
FRA,SMOKERS,TOT,PC_POP15,A,1995,29.0,,ALCOHOL,TOT,LT_CAP15,A,14.5,,POP,TOT,MLN_PER,A,59.383991,
FRA,SMOKERS,TOT,PC_POP15,A,1996,24.0,,ALCOHOL,TOT,LT_CAP15,A,14.5,,POP,TOT,MLN_PER,A,59.589289,
FRA,SMOKERS,TOT,PC_POP15,A,1997,28.0,,ALCOHOL,TOT,LT_CAP15,A,14.3,,POP,TOT,MLN_PER,A,59.795263,
FRA,SMOKERS,TOT,PC_POP15,A,1998,28.0,,ALCOHOL,TOT,LT_CAP15,A,14.5,,POP,TOT,MLN_PER,A,60.011008,
FRA,SMOKERS,TOT,PC_POP15,A,1999,28.0,,ALCOHOL,TOT,LT_CAP15,A,14.4,,POP,TOT,MLN_PER,A,60.315406,
FRA,SMOKERS,TOT,PC_POP15,A,2000,30.0,B,ALCOHOL,TOT,LT_CAP15,A,13.9,,POP,TOT,MLN_PER,A,60.72478,
FRA,SMOKERS,TOT,PC_POP15,A,2005,27.5,B,ALCOHOL,TOT,LT_CAP15,A,12.9,,POP,TOT,MLN_PER,A,62.958328,
FRA,SMOKERS,TOT,PC_POP15,A,2010,29.7,,ALCOHOL,TOT,LT_CAP15,A,12.3,,POP,TOT,MLN_PER,A,64.773169,
FRA,SMOKERS,TOT,PC_POP15,A,2014,28.5,,ALCOHOL,TOT,LT_CAP15,A,12.0,,POP,TOT,MLN_PER,A,66.276671,
FRA,SMOKERS,TOT,PC_POP15,A,2015,29.4,,ALCOHOL,TOT,LT_CAP15,A,11.9,,POP,TOT,MLN_PER,A,66.512558,
FRA,SMOKERS,TOT,PC_POP15,A,2016,29.4,,ALCOHOL,TOT,LT_CAP15,A,11.7,,POP,TOT,MLN_PER,A,66.688563,
FRA,SMOKERS,TOT,PC_POP15,A,2017,26.9,,ALCOHOL,TOT,LT_CAP15,A,11.7,,POP,TOT,MLN_PER,A,66.883314,
FRA,SMOKERS,TOT,PC_POP15,A,2018,25.4,,ALCOHOL,TOT,LT_CAP15,A,11.6,,POP,TOT,MLN_PER,A,67.125071,
FRA,SMOKERS,TOT,PC_POP15,A,2019,24.0,,ALCOHOL,TOT,LT_CAP15,A,11.4,,POP,TOT,MLN_PER,A,67.35605,
FRA,SMOKERS,TOT,PC_POP15,A,2020,25.5,,ALCOHOL,TOT,LT_CAP15,A,10.4,,POP,TOT,MLN_PER,A,67.540257,
DEU,SMOKERS,TOT,PC_POP15,A,1978,28.5,,ALCOHOL,TOT,LT_CAP15,A,16.3,,POP,TOT,MLN_PER,A,78.091821,
DEU,SMOKERS,TOT,PC_POP15,A,1989,25.1,,ALCOHOL,TOT,LT_CAP15,A,14.6,,POP,TOT,MLN_PER,A,78.751284,
DEU,SMOKERS,TOT,PC_POP15,A,1992,24.8,B,ALCOHOL,TOT,LT_CAP15,A,13.8,,POP,TOT,MLN_PER,A,80.624601,
DEU,SMOKERS,TOT,PC_POP15,A,1995,24.3,,ALCOHOL,TOT,LT_CAP15,A,13.4,,POP,TOT,MLN_PER,A,81.678046,
DEU,SMOKERS,TOT,PC_POP15,A,1999,24.7,,ALCOHOL,TOT,LT_CAP15,A,12.8,,POP,TOT,MLN_PER,A,82.100243,
DEU,SMOKERS,TOT,PC_POP15,A,2003,24.3,,ALCOHOL,TOT,LT_CAP15,A,11.9,,POP,TOT,MLN_PER,A,82.534175,
DEU,SMOKERS,TOT,PC_POP15,A,2005,23.2,,ALCOHOL,TOT,LT_CAP15,A,11.7,,POP,TOT,MLN_PER,A,82.469421,
DEU,SMOKERS,TOT,PC_POP15,A,2009,21.9,,ALCOHOL,TOT,LT_CAP15,A,11.2,,POP,TOT,MLN_PER,A,81.902308,
DEU,SMOKERS,TOT,PC_POP15,A,2013,20.9,,ALCOHOL,TOT,LT_CAP15,A,11.1,,POP,TOT,MLN_PER,A,80.645605,
DEU,SMOKERS,TOT,PC_POP15,A,2017,18.8,,ALCOHOL,TOT,LT_CAP15,A,10.9,,POP,TOT,MLN_PER,A,82.657,
GRC,SMOKERS,TOT,PC_POP15,A,1998,37.6,,ALCOHOL,TOT,LT_CAP15,A,9.0,,POP,TOT,MLN_PER,A,10.720507,
GRC,SMOKERS,TOT,PC_POP15,A,2000,35.0,,ALCOHOL,TOT,LT_CAP15,A,8.6,,POP,TOT,MLN_PER,A,10.805806,
GRC,SMOKERS,TOT,PC_POP15,A,2004,38.6,,ALCOHOL,TOT,LT_CAP15,A,9.1,,POP,TOT,MLN_PER,A,10.955142,
GRC,SMOKERS,TOT,PC_POP15,A,2006,40.0,,ALCOHOL,TOT,LT_CAP15,A,8.7,,POP,TOT,MLN_PER,A,11.020366,
GRC,SMOKERS,TOT,PC_POP15,A,2008,39.7,,ALCOHOL,TOT,LT_CAP15,A,8.7,,POP,TOT,MLN_PER,A,11.077839,
GRC,SMOKERS,TOT,PC_POP15,A,2009,31.9,,ALCOHOL,TOT,LT_CAP15,A,8.3,,POP,TOT,MLN_PER,A,11.107017,
GRC,SMOKERS,TOT,PC_POP15,A,2014,27.3,,ALCOHOL,TOT,LT_CAP15,A,7.1,,POP,TOT,MLN_PER,A,10.892415,
GRC,SMOKERS,TOT,PC_POP15,A,2019,24.9,,ALCOHOL,TOT,LT_CAP15,A,6.3,,POP,TOT,MLN_PER,A,10.721584,
HUN,SMOKERS,TOT,PC_POP15,A,1994,35.5,,ALCOHOL,TOT,LT_CAP15,A,12.9,,POP,TOT,MLN_PER,A,10.343359,
HUN,SMOKERS,TOT,PC_POP15,A,2000,30.2,,ALCOHOL,TOT,LT_CAP15,A,12.0,,POP,TOT,MLN_PER,A,10.210965,
HUN,SMOKERS,TOT,PC_POP15,A,2003,30.4,,ALCOHOL,TOT,LT_CAP15,A,13.2,,POP,TOT,MLN_PER,A,10.129554,
HUN,SMOKERS,TOT,PC_POP15,A,2009,26.5,,ALCOHOL,TOT,LT_CAP15,A,11.5,,POP,TOT,MLN_PER,A,10.022647,
HUN,SMOKERS,TOT,PC_POP15,A,2014,25.8,,ALCOHOL,TOT,LT_CAP15,A,10.9,,POP,TOT,MLN_PER,A,9.866466,
HUN,SMOKERS,TOT,PC_POP15,A,2019,24.9,,ALCOHOL,TOT,LT_CAP15,A,10.7,,POP,TOT,MLN_PER,A,9.771142,
ISL,SMOKERS,TOT,PC_POP15,A,1987,33.0,,ALCOHOL,TOT,LT_CAP15,A,5.6,,POP,TOT,MLN_PER,A,0.245864,
ISL,SMOKERS,TOT,PC_POP15,A,1988,32.5,,ALCOHOL,TOT,LT_CAP15,A,5.5,,POP,TOT,MLN_PER,A,0.249734,
ISL,SMOKERS,TOT,PC_POP15,A,1989,31.9,,ALCOHOL,TOT,LT_CAP15,A,5.4,,POP,TOT,MLN_PER,A,0.252851,
ISL,SMOKERS,TOT,PC_POP15,A,1990,30.2,,ALCOHOL,TOT,LT_CAP15,A,5.1,,POP,TOT,MLN_PER,A,0.25482,
ISL,SMOKERS,TOT,PC_POP15,A,1991,29.8,,ALCOHOL,TOT,LT_CAP15,A,5.0,,POP,TOT,MLN_PER,A,0.257795,
ISL,SMOKERS,TOT,PC_POP15,A,1992,28.3,,ALCOHOL,TOT,LT_CAP15,A,4.6,,POP,TOT,MLN_PER,A,0.261053,
ISL,SMOKERS,TOT,PC_POP15,A,1993,26.2,,ALCOHOL,TOT,LT_CAP15,A,4.4,,POP,TOT,MLN_PER,A,0.26373,
ISL,SMOKERS,TOT,PC_POP15,A,1994,26.4,,ALCOHOL,TOT,LT_CAP15,A,4.6,,POP,TOT,MLN_PER,A,0.266021,
ISL,SMOKERS,TOT,PC_POP15,A,1995,26.5,,ALCOHOL,TOT,LT_CAP15,A,4.7,,POP,TOT,MLN_PER,A,0.267467,
ISL,SMOKERS,TOT,PC_POP15,A,1996,27.4,,ALCOHOL,TOT,LT_CAP15,A,4.8,,POP,TOT,MLN_PER,A,0.268918,
ISL,SMOKERS,TOT,PC_POP15,A,1997,26.8,,ALCOHOL,TOT,LT_CAP15,A,5.1,,POP,TOT,MLN_PER,A,0.27113,
ISL,SMOKERS,TOT,PC_POP15,A,1998,24.6,,ALCOHOL,TOT,LT_CAP15,A,5.5,,POP,TOT,MLN_PER,A,0.274049,
ISL,SMOKERS,TOT,PC_POP15,A,1999,25.0,,ALCOHOL,TOT,LT_CAP15,A,5.9,,POP,TOT,MLN_PER,A,0.277384,
ISL,SMOKERS,TOT,PC_POP15,A,2000,22.4,,ALCOHOL,TOT,LT_CAP15,A,6.2,,POP,TOT,MLN_PER,A,0.2812,
ISL,SMOKERS,TOT,PC_POP15,A,2001,22.9,,ALCOHOL,TOT,LT_CAP15,A,6.4,,POP,TOT,MLN_PER,A,0.28497,
ISL,SMOKERS,TOT,PC_POP15,A,2002,21.1,,ALCOHOL,TOT,LT_CAP15,A,6.6,,POP,TOT,MLN_PER,A,0.287516,
ISL,SMOKERS,TOT,PC_POP15,A,2003,21.9,,ALCOHOL,TOT,LT_CAP15,A,6.6,,POP,TOT,MLN_PER,A,0.289522,
ISL,SMOKERS,TOT,PC_POP15,A,2004,19.8,,ALCOHOL,TOT,LT_CAP15,A,6.8,,POP,TOT,MLN_PER,A,0.292077,
ISL,SMOKERS,TOT,PC_POP15,A,2005,19.2,,ALCOHOL,TOT,LT_CAP15,A,7.1,,POP,TOT,MLN_PER,A,0.296734,
ISL,SMOKERS,TOT,PC_POP15,A,2006,18.8,,ALCOHOL,TOT,LT_CAP15,A,7.2,,POP,TOT,MLN_PER,A,0.303784,
ISL,SMOKERS,TOT,PC_POP15,A,2007,19.0,,ALCOHOL,TOT,LT_CAP15,A,7.5,,POP,TOT,MLN_PER,A,0.311567,
ISL,SMOKERS,TOT,PC_POP15,A,2008,17.6,,ALCOHOL,TOT,LT_CAP15,A,7.2,B,POP,TOT,MLN_PER,A,0.317404,
ISL,SMOKERS,TOT,PC_POP15,A,2009,15.4,,ALCOHOL,TOT,LT_CAP15,A,7.2,,POP,TOT,MLN_PER,A,0.318501,
ISL,SMOKERS,TOT,PC_POP15,A,2010,14.2,,ALCOHOL,TOT,LT_CAP15,A,6.8,,POP,TOT,MLN_PER,A,0.318044,
ISL,SMOKERS,TOT,PC_POP15,A,2011,14.3,,ALCOHOL,TOT,LT_CAP15,A,6.8,,POP,TOT,MLN_PER,A,0.319011,
ISL,SMOKERS,TOT,PC_POP15,A,2012,13.8,,ALCOHOL,TOT,LT_CAP15,A,6.8,,POP,TOT,MLN_PER,A,0.320723,
ISL,SMOKERS,TOT,PC_POP15,A,2013,11.4,,ALCOHOL,TOT,LT_CAP15,A,6.8,,POP,TOT,MLN_PER,A,0.323763,
ISL,SMOKERS,TOT,PC_POP15,A,2014,12.6,D,ALCOHOL,TOT,LT_CAP15,A,7.0,,POP,TOT,MLN_PER,A,0.327379,
ISL,SMOKERS,TOT,PC_POP15,A,2015,10.9,D,ALCOHOL,TOT,LT_CAP15,A,7.7,,POP,TOT,MLN_PER,A,0.330818,
ISL,SMOKERS,TOT,PC_POP15,A,2016,10.2,D,ALCOHOL,TOT,LT_CAP15,A,7.5,,POP,TOT,MLN_PER,A,0.335435,
ISL,SMOKERS,TOT,PC_POP15,A,2017,9.4,D,ALCOHOL,TOT,LT_CAP15,A,7.7,,POP,TOT,MLN_PER,A,0.343399,
ISL,SMOKERS,TOT,PC_POP15,A,2018,8.6,D,ALCOHOL,TOT,LT_CAP15,A,7.7,,POP,TOT,MLN_PER,A,0.352722,
ISL,SMOKERS,TOT,PC_POP15,A,2019,8.2,D,ALCOHOL,TOT,LT_CAP15,A,7.4,,POP,TOT,MLN_PER,A,0.360558,
ISL,SMOKERS,TOT,PC_POP15,A,2020,7.3,D,ALCOHOL,TOT,LT_CAP15,A,7.4,,POP,TOT,MLN_PER,A,0.366462,
IRL,SMOKERS,TOT,PC_POP15,A,1973,45.6,,ALCOHOL,TOT,LT_CAP15,A,8.2,,POP,TOT,MLN_PER,A,3.073,
IRL,SMOKERS,TOT,PC_POP15,A,1985,34.5,,ALCOHOL,TOT,LT_CAP15,A,10.0,,POP,TOT,MLN_PER,A,3.54,
IRL,SMOKERS,TOT,PC_POP15,A,1986,31.5,,ALCOHOL,TOT,LT_CAP15,A,9.6,,POP,TOT,MLN_PER,A,3.5406,
IRL,SMOKERS,TOT,PC_POP15,A,1987,30.5,,ALCOHOL,TOT,LT_CAP15,A,9.5,,POP,TOT,MLN_PER,A,3.5465,
IRL,SMOKERS,TOT,PC_POP15,A,1988,28.5,,ALCOHOL,TOT,LT_CAP15,A,9.9,,POP,TOT,MLN_PER,A,3.5307,
IRL,SMOKERS,TOT,PC_POP15,A,1989,29.5,,ALCOHOL,TOT,LT_CAP15,A,10.2,,POP,TOT,MLN_PER,A,3.5095,
IRL,SMOKERS,TOT,PC_POP15,A,1990,30.0,,ALCOHOL,TOT,LT_CAP15,A,11.2,,POP,TOT,MLN_PER,A,3.5058,
IRL,SMOKERS,TOT,PC_POP15,A,1991,28.5,,ALCOHOL,TOT,LT_CAP15,A,11.2,,POP,TOT,MLN_PER,A,3.5257,
IRL,SMOKERS,TOT,PC_POP15,A,1992,30.0,,ALCOHOL,TOT,LT_CAP15,A,11.4,,POP,TOT,MLN_PER,A,3.5545,
IRL,SMOKERS,TOT,PC_POP15,A,1993,28.5,,ALCOHOL,TOT,LT_CAP15,A,11.2,,POP,TOT,MLN_PER,A,3.5741,
IRL,SMOKERS,TOT,PC_POP15,A,1994,28.0,,ALCOHOL,TOT,LT_CAP15,A,11.2,,POP,TOT,MLN_PER,A,3.5859,
IRL,SMOKERS,TOT,PC_POP15,A,1998,33.0,B,ALCOHOL,TOT,LT_CAP15,A,13.2,,POP,TOT,MLN_PER,A,3.703082,
IRL,SMOKERS,TOT,PC_POP15,A,2002,27.0,,ALCOHOL,TOT,LT_CAP15,A,14.3,,POP,TOT,MLN_PER,A,3.917203,
IRL,SMOKERS,TOT,PC_POP15,A,2007,24.0,,ALCOHOL,TOT,LT_CAP15,A,13.2,,POP,TOT,MLN_PER,A,4.375842,
IRL,SMOKERS,TOT,PC_POP15,A,2015,19.0,B,ALCOHOL,TOT,LT_CAP15,A,10.7,E,POP,TOT,MLN_PER,A,4.687787,
IRL,SMOKERS,TOT,PC_POP15,A,2016,19.0,,ALCOHOL,TOT,LT_CAP15,A,11.2,E,POP,TOT,MLN_PER,A,4.739597,
IRL,SMOKERS,TOT,PC_POP15,A,2017,18.0,,ALCOHOL,TOT,LT_CAP15,A,11.0,E,POP,TOT,MLN_PER,A,4.79249,
IRL,SMOKERS,TOT,PC_POP15,A,2018,17.0,,ALCOHOL,TOT,LT_CAP15,A,11.0,E,POP,TOT,MLN_PER,A,4.857015,
IRL,SMOKERS,TOT,PC_POP15,A,2019,14.0,,ALCOHOL,TOT,LT_CAP15,A,10.8,,POP,TOT,MLN_PER,A,4.921496,
IRL,SMOKERS,TOT,PC_POP15,A,2021,16.0,,ALCOHOL,TOT,LT_CAP15,A,9.5,P,POP,TOT,MLN_PER,A,5.01146,
ITA,SMOKERS,TOT,PC_POP15,A,1980,35.5,,ALCOHOL,TOT,LT_CAP15,A,16.7,,POP,TOT,MLN_PER,A,56.433876,
ITA,SMOKERS,TOT,PC_POP15,A,1983,31.7,,ALCOHOL,TOT,LT_CAP15,A,14.6,,POP,TOT,MLN_PER,A,56.564076,
ITA,SMOKERS,TOT,PC_POP15,A,1986,29.1,,ALCOHOL,TOT,LT_CAP15,A,12.4,,POP,TOT,MLN_PER,A,56.596157,
ITA,SMOKERS,TOT,PC_POP15,A,1990,27.8,,ALCOHOL,TOT,LT_CAP15,A,11.0,,POP,TOT,MLN_PER,A,56.719239,
ITA,SMOKERS,TOT,PC_POP15,A,1993,25.7,,ALCOHOL,TOT,LT_CAP15,A,10.3,,POP,TOT,MLN_PER,A,56.831823,
ITA,SMOKERS,TOT,PC_POP15,A,1994,25.4,,ALCOHOL,TOT,LT_CAP15,A,10.1,,POP,TOT,MLN_PER,A,56.8434,
ITA,SMOKERS,TOT,PC_POP15,A,1995,25.6,,ALCOHOL,TOT,LT_CAP15,A,9.6,,POP,TOT,MLN_PER,A,56.844301,
ITA,SMOKERS,TOT,PC_POP15,A,1996,26.4,,ALCOHOL,TOT,LT_CAP15,A,9.1,,POP,TOT,MLN_PER,A,56.860279,
ITA,SMOKERS,TOT,PC_POP15,A,1997,25.2,,ALCOHOL,TOT,LT_CAP15,A,9.1,,POP,TOT,MLN_PER,A,56.890371,
ITA,SMOKERS,TOT,PC_POP15,A,1998,24.7,,ALCOHOL,TOT,LT_CAP15,A,9.0,,POP,TOT,MLN_PER,A,56.906744,
ITA,SMOKERS,TOT,PC_POP15,A,1999,24.7,,ALCOHOL,TOT,LT_CAP15,A,8.9,,POP,TOT,MLN_PER,A,56.916316,
ITA,SMOKERS,TOT,PC_POP15,A,2000,24.4,,ALCOHOL,TOT,LT_CAP15,A,9.8,,POP,TOT,MLN_PER,A,56.942108,
ITA,SMOKERS,TOT,PC_POP15,A,2001,24.1,,ALCOHOL,TOT,LT_CAP15,A,9.7,,POP,TOT,MLN_PER,A,56.976976,
ITA,SMOKERS,TOT,PC_POP15,A,2002,24.0,,ALCOHOL,TOT,LT_CAP15,A,9.3,,POP,TOT,MLN_PER,A,57.089823,
ITA,SMOKERS,TOT,PC_POP15,A,2003,24.2,,ALCOHOL,TOT,LT_CAP15,A,9.3,,POP,TOT,MLN_PER,A,57.399187,
ITA,SMOKERS,TOT,PC_POP15,A,2005,22.3,,ALCOHOL,TOT,LT_CAP15,A,8.7,,POP,TOT,MLN_PER,A,58.166684,
ITA,SMOKERS,TOT,PC_POP15,A,2006,23.0,,ALCOHOL,TOT,LT_CAP15,A,8.4,,POP,TOT,MLN_PER,A,58.399863,
ITA,SMOKERS,TOT,PC_POP15,A,2007,22.4,,ALCOHOL,TOT,LT_CAP15,A,8.4,,POP,TOT,MLN_PER,A,58.756247,
ITA,SMOKERS,TOT,PC_POP15,A,2008,22.4,,ALCOHOL,TOT,LT_CAP15,A,8.0,,POP,TOT,MLN_PER,A,59.211183,
ITA,SMOKERS,TOT,PC_POP15,A,2009,23.3,,ALCOHOL,TOT,LT_CAP15,A,7.3,,POP,TOT,MLN_PER,A,59.555456,
ITA,SMOKERS,TOT,PC_POP15,A,2010,23.1,,ALCOHOL,TOT,LT_CAP15,A,7.0,,POP,TOT,MLN_PER,A,59.819402,
ITA,SMOKERS,TOT,PC_POP15,A,2011,22.5,,ALCOHOL,TOT,LT_CAP15,A,7.0,,POP,TOT,MLN_PER,A,60.026844,
ITA,SMOKERS,TOT,PC_POP15,A,2012,22.1,,ALCOHOL,TOT,LT_CAP15,A,7.5,,POP,TOT,MLN_PER,A,60.191243,
ITA,SMOKERS,TOT,PC_POP15,A,2013,21.1,,ALCOHOL,TOT,LT_CAP15,A,7.4,,POP,TOT,MLN_PER,A,60.311616,
ITA,SMOKERS,TOT,PC_POP15,A,2014,19.7,,ALCOHOL,TOT,LT_CAP15,A,7.6,,POP,TOT,MLN_PER,A,60.320708,
ITA,SMOKERS,TOT,PC_POP15,A,2015,19.8,,ALCOHOL,TOT,LT_CAP15,A,7.1,,POP,TOT,MLN_PER,A,60.229599,
ITA,SMOKERS,TOT,PC_POP15,A,2016,20.0,,ALCOHOL,TOT,LT_CAP15,A,7.1,,POP,TOT,MLN_PER,A,60.11522,
ITA,SMOKERS,TOT,PC_POP15,A,2017,19.9,,ALCOHOL,TOT,LT_CAP15,A,7.4,,POP,TOT,MLN_PER,A,60.002254,
ITA,SMOKERS,TOT,PC_POP15,A,2018,19.2,,ALCOHOL,TOT,LT_CAP15,A,7.8,,POP,TOT,MLN_PER,A,59.877216,
ITA,SMOKERS,TOT,PC_POP15,A,2019,18.6,,ALCOHOL,TOT,LT_CAP15,A,7.7,,POP,TOT,MLN_PER,A,59.729077,
JPN,SMOKERS,TOT,PC_POP15,A,1965,49.0,,ALCOHOL,TOT,LT_CAP15,A,5.3,,POP,TOT,MLN_PER,A,99.209137,
JPN,SMOKERS,TOT,PC_POP15,A,1966,50.9,,ALCOHOL,TOT,LT_CAP15,A,5.3,,POP,TOT,MLN_PER,A,99.978,
JPN,SMOKERS,TOT,PC_POP15,A,1967,50.0,,ALCOHOL,TOT,LT_CAP15,A,5.4,,POP,TOT,MLN_PER,A,101.145,
JPN,SMOKERS,TOT,PC_POP15,A,1968,47.0,,ALCOHOL,TOT,LT_CAP15,A,5.5,,POP,TOT,MLN_PER,A,102.287,
JPN,SMOKERS,TOT,PC_POP15,A,1969,47.3,,ALCOHOL,TOT,LT_CAP15,A,5.8,,POP,TOT,MLN_PER,A,103.491,
JPN,SMOKERS,TOT,PC_POP15,A,1970,46.6,,ALCOHOL,TOT,LT_CAP15,A,6.1,,POP,TOT,MLN_PER,A,104.665171,
JPN,SMOKERS,TOT,PC_POP15,A,1971,46.1,,ALCOHOL,TOT,LT_CAP15,A,6.1,,POP,TOT,MLN_PER,A,106.1,
JPN,SMOKERS,TOT,PC_POP15,A,1972,46.6,,ALCOHOL,TOT,LT_CAP15,A,6.2,,POP,TOT,MLN_PER,A,107.595,
JPN,SMOKERS,TOT,PC_POP15,A,1973,46.7,,ALCOHOL,TOT,LT_CAP15,A,6.5,,POP,TOT,MLN_PER,A,109.104,
JPN,SMOKERS,TOT,PC_POP15,A,1974,47.8,,ALCOHOL,TOT,LT_CAP15,A,6.6,,POP,TOT,MLN_PER,A,110.573,
JPN,SMOKERS,TOT,PC_POP15,A,1975,45.7,,ALCOHOL,TOT,LT_CAP15,A,6.7,,POP,TOT,MLN_PER,A,111.939643,
JPN,SMOKERS,TOT,PC_POP15,A,1976,45.3,,ALCOHOL,TOT,LT_CAP15,A,6.7,,POP,TOT,MLN_PER,A,113.094,
JPN,SMOKERS,TOT,PC_POP15,A,1977,45.1,,ALCOHOL,TOT,LT_CAP15,A,7.0,,POP,TOT,MLN_PER,A,114.165,
JPN,SMOKERS,TOT,PC_POP15,A,1978,45.5,,ALCOHOL,TOT,LT_CAP15,A,7.0,,POP,TOT,MLN_PER,A,115.19,
JPN,SMOKERS,TOT,PC_POP15,A,1979,44.3,,ALCOHOL,TOT,LT_CAP15,A,7.2,,POP,TOT,MLN_PER,A,116.155,
JPN,SMOKERS,TOT,PC_POP15,A,1980,42.3,,ALCOHOL,TOT,LT_CAP15,A,7.1,,POP,TOT,MLN_PER,A,117.060396,
JPN,SMOKERS,TOT,PC_POP15,A,1981,43.1,,ALCOHOL,TOT,LT_CAP15,A,7.2,,POP,TOT,MLN_PER,A,117.902,
JPN,SMOKERS,TOT,PC_POP15,A,1982,42.8,,ALCOHOL,TOT,LT_CAP15,A,7.3,,POP,TOT,MLN_PER,A,118.728,
JPN,SMOKERS,TOT,PC_POP15,A,1983,39.8,,ALCOHOL,TOT,LT_CAP15,A,7.5,,POP,TOT,MLN_PER,A,119.536,
JPN,SMOKERS,TOT,PC_POP15,A,1984,39.8,,ALCOHOL,TOT,LT_CAP15,A,7.4,,POP,TOT,MLN_PER,A,120.305,
JPN,SMOKERS,TOT,PC_POP15,A,1985,39.2,,ALCOHOL,TOT,LT_CAP15,A,7.3,,POP,TOT,MLN_PER,A,121.048923,
JPN,SMOKERS,TOT,PC_POP15,A,1986,37.6,,ALCOHOL,TOT,LT_CAP15,A,7.5,,POP,TOT,MLN_PER,A,121.66,
JPN,SMOKERS,TOT,PC_POP15,A,1987,37.5,,ALCOHOL,TOT,LT_CAP15,A,7.9,,POP,TOT,MLN_PER,A,122.239,
JPN,SMOKERS,TOT,PC_POP15,A,1988,37.2,,ALCOHOL,TOT,LT_CAP15,A,8.3,,POP,TOT,MLN_PER,A,122.745,
JPN,SMOKERS,TOT,PC_POP15,A,1989,28.7,,ALCOHOL,TOT,LT_CAP15,A,8.6,,POP,TOT,MLN_PER,A,123.205,
JPN,SMOKERS,TOT,PC_POP15,A,1990,28.5,,ALCOHOL,TOT,LT_CAP15,A,9.2,,POP,TOT,MLN_PER,A,123.611167,
JPN,SMOKERS,TOT,PC_POP15,A,1991,27.8,,ALCOHOL,TOT,LT_CAP15,A,8.9,,POP,TOT,MLN_PER,A,124.101,
JPN,SMOKERS,TOT,PC_POP15,A,1992,27.1,,ALCOHOL,TOT,LT_CAP15,A,8.9,,POP,TOT,MLN_PER,A,124.567,
JPN,SMOKERS,TOT,PC_POP15,A,1993,24.7,,ALCOHOL,TOT,LT_CAP15,A,9.2,,POP,TOT,MLN_PER,A,124.938,
JPN,SMOKERS,TOT,PC_POP15,A,1994,24.5,,ALCOHOL,TOT,LT_CAP15,A,9.1,,POP,TOT,MLN_PER,A,125.265,
JPN,SMOKERS,TOT,PC_POP15,A,1995,28.2,,ALCOHOL,TOT,LT_CAP15,A,8.9,,POP,TOT,MLN_PER,A,125.570246,
JPN,SMOKERS,TOT,PC_POP15,A,1996,27.1,,ALCOHOL,TOT,LT_CAP15,A,9.0,,POP,TOT,MLN_PER,A,125.864,
JPN,SMOKERS,TOT,PC_POP15,A,1997,28.7,,ALCOHOL,TOT,LT_CAP15,A,8.8,,POP,TOT,MLN_PER,A,126.166,
JPN,SMOKERS,TOT,PC_POP15,A,1998,27.6,,ALCOHOL,TOT,LT_CAP15,A,8.7,,POP,TOT,MLN_PER,A,126.486,
JPN,SMOKERS,TOT,PC_POP15,A,1999,26.2,,ALCOHOL,TOT,LT_CAP15,A,8.8,,POP,TOT,MLN_PER,A,126.686,
JPN,SMOKERS,TOT,PC_POP15,A,2000,27.0,,ALCOHOL,TOT,LT_CAP15,A,8.6,,POP,TOT,MLN_PER,A,126.925843,
JPN,SMOKERS,TOT,PC_POP15,A,2001,24.4,,ALCOHOL,TOT,LT_CAP15,A,8.6,,POP,TOT,MLN_PER,A,127.291,
JPN,SMOKERS,TOT,PC_POP15,A,2002,24.0,,ALCOHOL,TOT,LT_CAP15,A,8.4,,POP,TOT,MLN_PER,A,127.435,
JPN,SMOKERS,TOT,PC_POP15,A,2003,27.7,,ALCOHOL,TOT,LT_CAP15,A,8.4,,POP,TOT,MLN_PER,A,127.619,
JPN,SMOKERS,TOT,PC_POP15,A,2004,26.4,,ALCOHOL,TOT,LT_CAP15,A,8.2,,POP,TOT,MLN_PER,A,127.687,
JPN,SMOKERS,TOT,PC_POP15,A,2005,24.2,,ALCOHOL,TOT,LT_CAP15,A,8.5,,POP,TOT,MLN_PER,A,127.767994,
JPN,SMOKERS,TOT,PC_POP15,A,2006,23.8,,ALCOHOL,TOT,LT_CAP15,A,7.9,,POP,TOT,MLN_PER,A,127.900515,
JPN,SMOKERS,TOT,PC_POP15,A,2007,24.1,,ALCOHOL,TOT,LT_CAP15,A,7.7,,POP,TOT,MLN_PER,A,128.032743,
JPN,SMOKERS,TOT,PC_POP15,A,2008,21.8,,ALCOHOL,TOT,LT_CAP15,A,7.5,,POP,TOT,MLN_PER,A,128.08396,
JPN,SMOKERS,TOT,PC_POP15,A,2009,23.4,,ALCOHOL,TOT,LT_CAP15,A,7.4,,POP,TOT,MLN_PER,A,128.031514,
JPN,SMOKERS,TOT,PC_POP15,A,2010,19.5,,ALCOHOL,TOT,LT_CAP15,A,7.3,,POP,TOT,MLN_PER,A,128.057352,
JPN,SMOKERS,TOT,PC_POP15,A,2011,20.1,,ALCOHOL,TOT,LT_CAP15,A,7.3,,POP,TOT,MLN_PER,A,127.834233,
JPN,SMOKERS,TOT,PC_POP15,A,2012,20.7,,ALCOHOL,TOT,LT_CAP15,A,7.2,,POP,TOT,MLN_PER,A,127.592657,
JPN,SMOKERS,TOT,PC_POP15,A,2013,19.3,,ALCOHOL,TOT,LT_CAP15,A,7.4,,POP,TOT,MLN_PER,A,127.413888,
JPN,SMOKERS,TOT,PC_POP15,A,2014,19.6,,ALCOHOL,TOT,LT_CAP15,A,7.1,,POP,TOT,MLN_PER,A,127.23715,
JPN,SMOKERS,TOT,PC_POP15,A,2015,18.2,,ALCOHOL,TOT,LT_CAP15,A,7.2,,POP,TOT,MLN_PER,A,127.094745,
JPN,SMOKERS,TOT,PC_POP15,A,2016,18.3,,ALCOHOL,TOT,LT_CAP15,A,7.2,,POP,TOT,MLN_PER,A,126.932772,
JPN,SMOKERS,TOT,PC_POP15,A,2017,17.7,,ALCOHOL,TOT,LT_CAP15,A,7.2,,POP,TOT,MLN_PER,A,126.70621,
JPN,SMOKERS,TOT,PC_POP15,A,2018,17.8,,ALCOHOL,TOT,LT_CAP15,A,7.2,,POP,TOT,MLN_PER,A,126.44318,
JPN,SMOKERS,TOT,PC_POP15,A,2019,16.7,,ALCOHOL,TOT,LT_CAP15,A,7.1,,POP,TOT,MLN_PER,A,126.166948,
KOR,SMOKERS,TOT,PC_POP15,A,1989,34.6,,ALCOHOL,TOT,LT_CAP15,A,9.5,,POP,TOT,MLN_PER,A,42.449038,
KOR,SMOKERS,TOT,PC_POP15,A,1992,34.7,,ALCOHOL,TOT,LT_CAP15,A,8.9,,POP,TOT,MLN_PER,A,43.747962,
KOR,SMOKERS,TOT,PC_POP15,A,1995,35.2,,ALCOHOL,TOT,LT_CAP15,A,8.9,,POP,TOT,MLN_PER,A,45.092991,
KOR,SMOKERS,TOT,PC_POP15,A,1998,30.7,,ALCOHOL,TOT,LT_CAP15,A,8.7,,POP,TOT,MLN_PER,A,46.286503,
KOR,SMOKERS,TOT,PC_POP15,A,2001,26.1,,ALCOHOL,TOT,LT_CAP15,A,8.5,,POP,TOT,MLN_PER,A,47.370164,
KOR,SMOKERS,TOT,PC_POP15,A,2005,25.9,,ALCOHOL,TOT,LT_CAP15,A,9.0,,POP,TOT,MLN_PER,A,48.184561,
KOR,SMOKERS,TOT,PC_POP15,A,2007,24.0,,ALCOHOL,TOT,LT_CAP15,A,9.3,,POP,TOT,MLN_PER,A,48.683638,
KOR,SMOKERS,TOT,PC_POP15,A,2008,26.3,,ALCOHOL,TOT,LT_CAP15,A,9.5,,POP,TOT,MLN_PER,A,49.054708,
KOR,SMOKERS,TOT,PC_POP15,A,2009,25.6,,ALCOHOL,TOT,LT_CAP15,A,8.9,,POP,TOT,MLN_PER,A,49.307835,
KOR,SMOKERS,TOT,PC_POP15,A,2010,22.9,,ALCOHOL,TOT,LT_CAP15,A,8.9,,POP,TOT,MLN_PER,A,49.554112,
KOR,SMOKERS,TOT,PC_POP15,A,2011,23.2,,ALCOHOL,TOT,LT_CAP15,A,8.9,,POP,TOT,MLN_PER,A,49.936638,
KOR,SMOKERS,TOT,PC_POP15,A,2012,21.6,,ALCOHOL,TOT,LT_CAP15,A,9.0,,POP,TOT,MLN_PER,A,50.199853,
KOR,SMOKERS,TOT,PC_POP15,A,2013,19.9,,ALCOHOL,TOT,LT_CAP15,A,8.7,,POP,TOT,MLN_PER,A,50.428893,
KOR,SMOKERS,TOT,PC_POP15,A,2014,20.0,,ALCOHOL,TOT,LT_CAP15,A,8.9,,POP,TOT,MLN_PER,A,50.746659,
KOR,SMOKERS,TOT,PC_POP15,A,2015,17.3,,ALCOHOL,TOT,LT_CAP15,A,9.1,,POP,TOT,MLN_PER,A,51.014947,
KOR,SMOKERS,TOT,PC_POP15,A,2016,18.4,,ALCOHOL,TOT,LT_CAP15,A,8.7,,POP,TOT,MLN_PER,A,51.217803,
KOR,SMOKERS,TOT,PC_POP15,A,2017,17.5,,ALCOHOL,TOT,LT_CAP15,A,8.7,,POP,TOT,MLN_PER,A,51.361911,
KOR,SMOKERS,TOT,PC_POP15,A,2018,17.5,,ALCOHOL,TOT,LT_CAP15,A,8.5,,POP,TOT,MLN_PER,A,51.585058,
KOR,SMOKERS,TOT,PC_POP15,A,2019,16.4,,ALCOHOL,TOT,LT_CAP15,A,8.3,,POP,TOT,MLN_PER,A,51.764822,
KOR,SMOKERS,TOT,PC_POP15,A,2020,15.9,,ALCOHOL,TOT,LT_CAP15,A,7.9,,POP,TOT,MLN_PER,A,51.836239,
LUX,SMOKERS,TOT,PC_POP15,A,2001,26.0,,ALCOHOL,TOT,LT_CAP15,A,13.3,D,POP,TOT,MLN_PER,A,0.441522,
LUX,SMOKERS,TOT,PC_POP15,A,2002,26.0,,ALCOHOL,TOT,LT_CAP15,A,13.1,D,POP,TOT,MLN_PER,A,0.446166,
LUX,SMOKERS,TOT,PC_POP15,A,2003,28.0,,ALCOHOL,TOT,LT_CAP15,A,12.7,D,POP,TOT,MLN_PER,A,0.451626,
LUX,SMOKERS,TOT,PC_POP15,A,2004,27.0,,ALCOHOL,TOT,LT_CAP15,A,12.5,D,POP,TOT,MLN_PER,A,0.458098,
LUX,SMOKERS,TOT,PC_POP15,A,2005,23.0,,ALCOHOL,TOT,LT_CAP15,A,12.3,D,POP,TOT,MLN_PER,A,0.465152,
LUX,SMOKERS,TOT,PC_POP15,A,2006,21.0,,ALCOHOL,TOT,LT_CAP15,A,12.4,D,POP,TOT,MLN_PER,A,0.472641,
LUX,SMOKERS,TOT,PC_POP15,A,2007,21.0,,ALCOHOL,TOT,LT_CAP15,A,12.2,D,POP,TOT,MLN_PER,A,0.479992,
LUX,SMOKERS,TOT,PC_POP15,A,2008,20.0,,ALCOHOL,TOT,LT_CAP15,A,12.0,D,POP,TOT,MLN_PER,A,0.488647,
LUX,SMOKERS,TOT,PC_POP15,A,2009,19.0,,ALCOHOL,TOT,LT_CAP15,A,11.9,D,POP,TOT,MLN_PER,A,0.497783,
LUX,SMOKERS,TOT,PC_POP15,A,2010,18.3,,ALCOHOL,TOT,LT_CAP15,A,11.9,D,POP,TOT,MLN_PER,A,0.506953,
LUX,SMOKERS,TOT,PC_POP15,A,2011,16.9,,ALCOHOL,TOT,LT_CAP15,A,11.8,D,POP,TOT,MLN_PER,A,0.518351,
LUX,SMOKERS,TOT,PC_POP15,A,2012,16.8,,ALCOHOL,TOT,LT_CAP15,A,11.8,D,POP,TOT,MLN_PER,A,0.530952,
LUX,SMOKERS,TOT,PC_POP15,A,2013,15.7,,ALCOHOL,TOT,LT_CAP15,A,11.4,D,POP,TOT,MLN_PER,A,0.543358,
LUX,SMOKERS,TOT,PC_POP15,A,2014,15.3,,ALCOHOL,TOT,LT_CAP15,A,11.6,D,POP,TOT,MLN_PER,A,0.556322,
LUX,SMOKERS,TOT,PC_POP15,A,2015,15.0,,ALCOHOL,TOT,LT_CAP15,A,11.5,D,POP,TOT,MLN_PER,A,0.569605,
LUX,SMOKERS,TOT,PC_POP15,A,2016,14.9,,ALCOHOL,TOT,LT_CAP15,A,11.4,D,POP,TOT,MLN_PER,A,0.583459,
LUX,SMOKERS,TOT,PC_POP15,A,2017,16.0,,ALCOHOL,TOT,LT_CAP15,A,11.3,D,POP,TOT,MLN_PER,A,0.596337,
LUX,SMOKERS,TOT,PC_POP15,A,2018,14.5,,ALCOHOL,TOT,LT_CAP15,A,11.1,D,POP,TOT,MLN_PER,A,0.60795,
LUX,SMOKERS,TOT,PC_POP15,A,2019,16.8,,ALCOHOL,TOT,LT_CAP15,A,11.0,D,POP,TOT,MLN_PER,A,0.620003,
MEX,SMOKERS,TOT,PC_POP15,A,2000,12.4,D,ALCOHOL,TOT,LT_CAP15,A,5.2,,POP,TOT,MLN_PER,A,98.785275,
MEX,SMOKERS,TOT,PC_POP15,A,2002,14.6,D,ALCOHOL,TOT,LT_CAP15,A,4.9,,POP,TOT,MLN_PER,A,101.493987,
MEX,SMOKERS,TOT,PC_POP15,A,2006,13.0,D,ALCOHOL,TOT,LT_CAP15,A,5.2,,POP,TOT,MLN_PER,A,107.155391,
MEX,SMOKERS,TOT,PC_POP15,A,2008,10.8,D,ALCOHOL,TOT,LT_CAP15,A,4.0,D,POP,TOT,MLN_PER,A,110.405454,
MEX,SMOKERS,TOT,PC_POP15,A,2009,7.6,,ALCOHOL,TOT,LT_CAP15,A,4.3,D,POP,TOT,MLN_PER,A,112.095388,
MEX,SMOKERS,TOT,PC_POP15,A,2011,10.3,D,ALCOHOL,TOT,LT_CAP15,A,4.0,D,POP,TOT,MLN_PER,A,115.367452,
MEX,SMOKERS,TOT,PC_POP15,A,2012,11.8,D,ALCOHOL,TOT,LT_CAP15,A,3.9,D,POP,TOT,MLN_PER,A,116.93567,
MEX,SMOKERS,TOT,PC_POP15,A,2015,7.6,,ALCOHOL,TOT,LT_CAP15,A,4.3,D,POP,TOT,MLN_PER,A,121.3478,
MEX,SMOKERS,TOT,PC_POP15,A,2016,7.6,,ALCOHOL,TOT,LT_CAP15,A,4.4,D,POP,TOT,MLN_PER,A,122.715165,
MEX,SMOKERS,TOT,PC_POP15,A,2018,7.7,,ALCOHOL,TOT,LT_CAP15,A,4.8,D,POP,TOT,MLN_PER,A,125.327797,
MEX,SMOKERS,TOT,PC_POP15,A,2020,7.4,,ALCOHOL,TOT,LT_CAP15,A,3.9,,POP,TOT,MLN_PER,A,127.792286,
NLD,SMOKERS,TOT,PC_POP15,A,1966,61.0,,ALCOHOL,TOT,LT_CAP15,A,5.4,,POP,TOT,MLN_PER,A,12.456254,
NLD,SMOKERS,TOT,PC_POP15,A,1967,60.0,,ALCOHOL,TOT,LT_CAP15,A,6.2,,POP,TOT,MLN_PER,A,12.598202,
NLD,SMOKERS,TOT,PC_POP15,A,1970,59.0,,ALCOHOL,TOT,LT_CAP15,A,7.8,,POP,TOT,MLN_PER,A,13.038523,
NLD,SMOKERS,TOT,PC_POP15,A,1971,55.0,,ALCOHOL,TOT,LT_CAP15,A,8.5,,POP,TOT,MLN_PER,A,13.194497,
NLD,SMOKERS,TOT,PC_POP15,A,1975,53.0,,ALCOHOL,TOT,LT_CAP15,A,11.9,,POP,TOT,MLN_PER,A,13.666329,
NLD,SMOKERS,TOT,PC_POP15,A,1978,48.0,,ALCOHOL,TOT,LT_CAP15,A,11.9,,POP,TOT,MLN_PER,A,13.941702,
NLD,SMOKERS,TOT,PC_POP15,A,1979,45.0,,ALCOHOL,TOT,LT_CAP15,A,12.2,,POP,TOT,MLN_PER,A,14.03827,
NLD,SMOKERS,TOT,PC_POP15,A,1980,43.0,,ALCOHOL,TOT,LT_CAP15,A,11.5,,POP,TOT,MLN_PER,A,14.149799,
NLD,SMOKERS,TOT,PC_POP15,A,1981,42.0,,ALCOHOL,TOT,LT_CAP15,A,11.3,,POP,TOT,MLN_PER,A,14.247217,
NLD,SMOKERS,TOT,PC_POP15,A,1982,37.0,,ALCOHOL,TOT,LT_CAP15,A,11.0,,POP,TOT,MLN_PER,A,14.312689,
NLD,SMOKERS,TOT,PC_POP15,A,1983,42.0,,ALCOHOL,TOT,LT_CAP15,A,11.2,,POP,TOT,MLN_PER,A,14.367066,
NLD,SMOKERS,TOT,PC_POP15,A,1984,39.0,,ALCOHOL,TOT,LT_CAP15,A,10.8,,POP,TOT,MLN_PER,A,14.424211,
NLD,SMOKERS,TOT,PC_POP15,A,1985,39.0,,ALCOHOL,TOT,LT_CAP15,A,10.6,,POP,TOT,MLN_PER,A,14.491629,
NLD,SMOKERS,TOT,PC_POP15,A,1986,38.0,,ALCOHOL,TOT,LT_CAP15,A,10.6,,POP,TOT,MLN_PER,A,14.57228,
NLD,SMOKERS,TOT,PC_POP15,A,1987,37.0,,ALCOHOL,TOT,LT_CAP15,A,10.2,,POP,TOT,MLN_PER,A,14.665037,
NLD,SMOKERS,TOT,PC_POP15,A,1988,33.0,,ALCOHOL,TOT,LT_CAP15,A,10.2,,POP,TOT,MLN_PER,A,14.760092,
NLD,SMOKERS,TOT,PC_POP15,A,1989,33.0,,ALCOHOL,TOT,LT_CAP15,A,10.0,,POP,TOT,MLN_PER,A,14.848906,
NLD,SMOKERS,TOT,PC_POP15,A,1990,37.0,,ALCOHOL,TOT,LT_CAP15,A,9.9,,POP,TOT,MLN_PER,A,14.95151,
NLD,SMOKERS,TOT,PC_POP15,A,1991,38.0,,ALCOHOL,TOT,LT_CAP15,A,10.0,,POP,TOT,MLN_PER,A,15.069799,
NLD,SMOKERS,TOT,PC_POP15,A,1992,37.0,,ALCOHOL,TOT,LT_CAP15,A,10.0,,POP,TOT,MLN_PER,A,15.184163,
NLD,SMOKERS,TOT,PC_POP15,A,1993,36.0,,ALCOHOL,TOT,LT_CAP15,A,9.7,,POP,TOT,MLN_PER,A,15.290368,
NLD,SMOKERS,TOT,PC_POP15,A,1994,37.0,,ALCOHOL,TOT,LT_CAP15,A,9.7,,POP,TOT,MLN_PER,A,15.382834,
NLD,SMOKERS,TOT,PC_POP15,A,1995,36.0,,ALCOHOL,TOT,LT_CAP15,A,9.8,,POP,TOT,MLN_PER,A,15.459004,
NLD,SMOKERS,TOT,PC_POP15,A,1996,36.0,,ALCOHOL,TOT,LT_CAP15,A,9.9,,POP,TOT,MLN_PER,A,15.5305,
NLD,SMOKERS,TOT,PC_POP15,A,1997,36.0,,ALCOHOL,TOT,LT_CAP15,A,10.1,,POP,TOT,MLN_PER,A,15.61065,
NLD,SMOKERS,TOT,PC_POP15,A,1998,35.0,,ALCOHOL,TOT,LT_CAP15,A,9.9,,POP,TOT,MLN_PER,A,15.707205,
NLD,SMOKERS,TOT,PC_POP15,A,1999,34.0,,ALCOHOL,TOT,LT_CAP15,A,10.1,,POP,TOT,MLN_PER,A,15.812085,
NLD,SMOKERS,TOT,PC_POP15,A,2000,32.0,,ALCOHOL,TOT,LT_CAP15,A,10.1,,POP,TOT,MLN_PER,A,15.925505,
NLD,SMOKERS,TOT,PC_POP15,A,2001,28.8,B,ALCOHOL,TOT,LT_CAP15,A,10.0,,POP,TOT,MLN_PER,A,16.046182,
NLD,SMOKERS,TOT,PC_POP15,A,2002,27.6,,ALCOHOL,TOT,LT_CAP15,A,9.8,,POP,TOT,MLN_PER,A,16.148921,
NLD,SMOKERS,TOT,PC_POP15,A,2003,26.7,,ALCOHOL,TOT,LT_CAP15,A,9.7,,POP,TOT,MLN_PER,A,16.225303,
NLD,SMOKERS,TOT,PC_POP15,A,2004,25.4,,ALCOHOL,TOT,LT_CAP15,A,9.6,,POP,TOT,MLN_PER,A,16.281777,
NLD,SMOKERS,TOT,PC_POP15,A,2005,25.2,,ALCOHOL,TOT,LT_CAP15,A,9.6,,POP,TOT,MLN_PER,A,16.319871,
NLD,SMOKERS,TOT,PC_POP15,A,2006,25.2,,ALCOHOL,TOT,LT_CAP15,A,9.6,,POP,TOT,MLN_PER,A,16.346096,
NLD,SMOKERS,TOT,PC_POP15,A,2007,23.1,,ALCOHOL,TOT,LT_CAP15,A,9.6,,POP,TOT,MLN_PER,A,16.381696,
NLD,SMOKERS,TOT,PC_POP15,A,2008,23.3,,ALCOHOL,TOT,LT_CAP15,A,9.7,,POP,TOT,MLN_PER,A,16.44559,
NLD,SMOKERS,TOT,PC_POP15,A,2009,22.6,,ALCOHOL,TOT,LT_CAP15,A,9.4,,POP,TOT,MLN_PER,A,16.530387,
NLD,SMOKERS,TOT,PC_POP15,A,2010,20.9,B,ALCOHOL,TOT,LT_CAP15,A,9.1,,POP,TOT,MLN_PER,A,16.61539,
NLD,SMOKERS,TOT,PC_POP15,A,2011,20.8,,ALCOHOL,TOT,LT_CAP15,A,9.0,,POP,TOT,MLN_PER,A,16.693074,
NLD,SMOKERS,TOT,PC_POP15,A,2012,18.4,,ALCOHOL,TOT,LT_CAP15,A,9.1,,POP,TOT,MLN_PER,A,16.754963,
NLD,SMOKERS,TOT,PC_POP15,A,2013,18.5,,ALCOHOL,TOT,LT_CAP15,A,8.7,,POP,TOT,MLN_PER,A,16.80443,
NLD,SMOKERS,TOT,PC_POP15,A,2014,19.1,B,ALCOHOL,TOT,LT_CAP15,A,8.4,,POP,TOT,MLN_PER,A,16.865008,
NLD,SMOKERS,TOT,PC_POP15,A,2015,19.0,,ALCOHOL,TOT,LT_CAP15,A,8.3,,POP,TOT,MLN_PER,A,16.939925,
NLD,SMOKERS,TOT,PC_POP15,A,2016,18.0,,ALCOHOL,TOT,LT_CAP15,A,8.2,,POP,TOT,MLN_PER,A,17.030314,
NLD,SMOKERS,TOT,PC_POP15,A,2017,16.8,,ALCOHOL,TOT,LT_CAP15,A,8.3,,POP,TOT,MLN_PER,A,17.131295,
NLD,SMOKERS,TOT,PC_POP15,A,2018,15.5,,ALCOHOL,TOT,LT_CAP15,A,8.3,,POP,TOT,MLN_PER,A,17.231622,
NLD,SMOKERS,TOT,PC_POP15,A,2019,15.4,,ALCOHOL,TOT,LT_CAP15,A,8.2,,POP,TOT,MLN_PER,A,17.344876,
NLD,SMOKERS,TOT,PC_POP15,A,2020,14.4,,ALCOHOL,TOT,LT_CAP15,A,7.2,,POP,TOT,MLN_PER,A,17.4415,
NZL,SMOKERS,TOT,PC_POP15,A,1976,36.0,,ALCOHOL,TOT,LT_CAP15,A,11.6,,POP,TOT,MLN_PER,A,3.153535,
NZL,SMOKERS,TOT,PC_POP15,A,1981,32.0,,ALCOHOL,TOT,LT_CAP15,A,11.7,,POP,TOT,MLN_PER,A,3.18546,
NZL,SMOKERS,TOT,PC_POP15,A,1983,33.0,,ALCOHOL,TOT,LT_CAP15,A,10.6,,POP,TOT,MLN_PER,A,3.24577,
NZL,SMOKERS,TOT,PC_POP15,A,1984,32.0,,ALCOHOL,TOT,LT_CAP15,A,11.0,,POP,TOT,MLN_PER,A,3.27885,
NZL,SMOKERS,TOT,PC_POP15,A,1985,30.0,,ALCOHOL,TOT,LT_CAP15,A,10.8,,POP,TOT,MLN_PER,A,3.29805,
NZL,SMOKERS,TOT,PC_POP15,A,1986,30.0,,ALCOHOL,TOT,LT_CAP15,A,11.3,,POP,TOT,MLN_PER,A,3.30831,
NZL,SMOKERS,TOT,PC_POP15,A,1987,30.0,,ALCOHOL,TOT,LT_CAP15,A,10.3,,POP,TOT,MLN_PER,A,3.327785,
NZL,SMOKERS,TOT,PC_POP15,A,1988,29.0,,ALCOHOL,TOT,LT_CAP15,A,10.1,,POP,TOT,MLN_PER,A,3.34368,
NZL,SMOKERS,TOT,PC_POP15,A,1989,27.0,,ALCOHOL,TOT,LT_CAP15,A,10.2,,POP,TOT,MLN_PER,A,3.357535,
NZL,SMOKERS,TOT,PC_POP15,A,1990,28.0,,ALCOHOL,TOT,LT_CAP15,A,10.3,,POP,TOT,MLN_PER,A,3.390085,
NZL,SMOKERS,TOT,PC_POP15,A,1991,26.0,,ALCOHOL,TOT,LT_CAP15,A,9.9,,POP,TOT,MLN_PER,A,3.4951,
NZL,SMOKERS,TOT,PC_POP15,A,1992,27.0,,ALCOHOL,TOT,LT_CAP15,A,9.8,,POP,TOT,MLN_PER,A,3.5317,
NZL,SMOKERS,TOT,PC_POP15,A,1993,27.0,,ALCOHOL,TOT,LT_CAP15,A,9.3,,POP,TOT,MLN_PER,A,3.5722,
NZL,SMOKERS,TOT,PC_POP15,A,1994,27.0,,ALCOHOL,TOT,LT_CAP15,A,9.5,,POP,TOT,MLN_PER,A,3.62,
NZL,SMOKERS,TOT,PC_POP15,A,1995,27.0,,ALCOHOL,TOT,LT_CAP15,A,9.3,,POP,TOT,MLN_PER,A,3.6734,
NZL,SMOKERS,TOT,PC_POP15,A,1996,26.0,,ALCOHOL,TOT,LT_CAP15,A,8.8,,POP,TOT,MLN_PER,A,3.732,
NZL,SMOKERS,TOT,PC_POP15,A,1997,26.0,,ALCOHOL,TOT,LT_CAP15,A,8.7,,POP,TOT,MLN_PER,A,3.7813,
NZL,SMOKERS,TOT,PC_POP15,A,1998,25.0,,ALCOHOL,TOT,LT_CAP15,A,8.7,,POP,TOT,MLN_PER,A,3.815,
NZL,SMOKERS,TOT,PC_POP15,A,1999,26.0,,ALCOHOL,TOT,LT_CAP15,A,8.9,,POP,TOT,MLN_PER,A,3.8351,
NZL,SMOKERS,TOT,PC_POP15,A,2000,25.0,,ALCOHOL,TOT,LT_CAP15,A,8.9,,POP,TOT,MLN_PER,A,3.8577,
NZL,SMOKERS,TOT,PC_POP15,A,2001,25.0,,ALCOHOL,TOT,LT_CAP15,A,8.7,,POP,TOT,MLN_PER,A,3.8805,
NZL,SMOKERS,TOT,PC_POP15,A,2002,25.0,,ALCOHOL,TOT,LT_CAP15,A,9.1,,POP,TOT,MLN_PER,A,3.9485,
NZL,SMOKERS,TOT,PC_POP15,A,2003,23.0,,ALCOHOL,TOT,LT_CAP15,A,8.9,,POP,TOT,MLN_PER,A,4.0272,
NZL,SMOKERS,TOT,PC_POP15,A,2004,22.0,,ALCOHOL,TOT,LT_CAP15,A,9.1,,POP,TOT,MLN_PER,A,4.0875,
NZL,SMOKERS,TOT,PC_POP15,A,2005,22.5,,ALCOHOL,TOT,LT_CAP15,A,9.3,,POP,TOT,MLN_PER,A,4.1339,
NZL,SMOKERS,TOT,PC_POP15,A,2006,20.7,,ALCOHOL,TOT,LT_CAP15,A,9.3,,POP,TOT,MLN_PER,A,4.1846,
NZL,SMOKERS,TOT,PC_POP15,A,2007,18.1,,ALCOHOL,TOT,LT_CAP15,A,9.2,,POP,TOT,MLN_PER,A,4.2238,
NZL,SMOKERS,TOT,PC_POP15,A,2012,16.4,,ALCOHOL,TOT,LT_CAP15,A,9.2,,POP,TOT,MLN_PER,A,4.4081,
NZL,SMOKERS,TOT,PC_POP15,A,2013,15.8,,ALCOHOL,TOT,LT_CAP15,A,9.2,,POP,TOT,MLN_PER,A,4.4421,
NZL,SMOKERS,TOT,PC_POP15,A,2014,15.9,,ALCOHOL,TOT,LT_CAP15,A,9.1,,POP,TOT,MLN_PER,A,4.5165,
NZL,SMOKERS,TOT,PC_POP15,A,2015,15.1,,ALCOHOL,TOT,LT_CAP15,A,8.7,,POP,TOT,MLN_PER,A,4.6094,
NZL,SMOKERS,TOT,PC_POP15,A,2016,14.5,,ALCOHOL,TOT,LT_CAP15,A,8.9,,POP,TOT,MLN_PER,A,4.7141,
NZL,SMOKERS,TOT,PC_POP15,A,2017,14.1,,ALCOHOL,TOT,LT_CAP15,A,8.8,,POP,TOT,MLN_PER,A,4.8136,
NZL,SMOKERS,TOT,PC_POP15,A,2018,13.3,,ALCOHOL,TOT,LT_CAP15,A,8.8,,POP,TOT,MLN_PER,A,4.9006,
NZL,SMOKERS,TOT,PC_POP15,A,2019,12.9,,ALCOHOL,TOT,LT_CAP15,A,8.8,,POP,TOT,MLN_PER,A,4.9792,
NZL,SMOKERS,TOT,PC_POP15,A,2020,11.9,,ALCOHOL,TOT,LT_CAP15,A,8.7,,POP,TOT,MLN_PER,A,5.0902,
NZL,SMOKERS,TOT,PC_POP15,A,2021,9.4,,ALCOHOL,TOT,LT_CAP15,A,8.7,,POP,TOT,MLN_PER,A,5.1114,
NOR,SMOKERS,TOT,PC_POP15,A,1973,41.0,,ALCOHOL,TOT,LT_CAP15,A,5.1,,POP,TOT,MLN_PER,A,3.960614,
NOR,SMOKERS,TOT,PC_POP15,A,1974,42.0,,ALCOHOL,TOT,LT_CAP15,A,5.5,,POP,TOT,MLN_PER,A,3.985262,
NOR,SMOKERS,TOT,PC_POP15,A,1975,40.0,,ALCOHOL,TOT,LT_CAP15,A,5.5,,POP,TOT,MLN_PER,A,4.007319,
NOR,SMOKERS,TOT,PC_POP15,A,1976,40.0,,ALCOHOL,TOT,LT_CAP15,A,5.7,,POP,TOT,MLN_PER,A,4.026151,
NOR,SMOKERS,TOT,PC_POP15,A,1977,37.0,,ALCOHOL,TOT,LT_CAP15,A,5.7,,POP,TOT,MLN_PER,A,4.043204,
NOR,SMOKERS,TOT,PC_POP15,A,1978,38.0,,ALCOHOL,TOT,LT_CAP15,A,5.2,,POP,TOT,MLN_PER,A,4.058674,
NOR,SMOKERS,TOT,PC_POP15,A,1979,38.0,,ALCOHOL,TOT,LT_CAP15,A,5.6,,POP,TOT,MLN_PER,A,4.072514,
NOR,SMOKERS,TOT,PC_POP15,A,1980,36.0,,ALCOHOL,TOT,LT_CAP15,A,6.0,,POP,TOT,MLN_PER,A,4.08562,
NOR,SMOKERS,TOT,PC_POP15,A,1981,35.0,,ALCOHOL,TOT,LT_CAP15,A,5.3,,POP,TOT,MLN_PER,A,4.099703,
NOR,SMOKERS,TOT,PC_POP15,A,1982,37.0,,ALCOHOL,TOT,LT_CAP15,A,4.8,,POP,TOT,MLN_PER,A,4.114786,
NOR,SMOKERS,TOT,PC_POP15,A,1983,37.0,,ALCOHOL,TOT,LT_CAP15,A,4.9,,POP,TOT,MLN_PER,A,4.128434,
NOR,SMOKERS,TOT,PC_POP15,A,1984,38.0,,ALCOHOL,TOT,LT_CAP15,A,5.0,,POP,TOT,MLN_PER,A,4.140098,
NOR,SMOKERS,TOT,PC_POP15,A,1985,37.0,,ALCOHOL,TOT,LT_CAP15,A,5.2,,POP,TOT,MLN_PER,A,4.152518,
NOR,SMOKERS,TOT,PC_POP15,A,1986,35.0,,ALCOHOL,TOT,LT_CAP15,A,5.3,,POP,TOT,MLN_PER,A,4.167357,
NOR,SMOKERS,TOT,PC_POP15,A,1987,36.0,,ALCOHOL,TOT,LT_CAP15,A,5.4,,POP,TOT,MLN_PER,A,4.186905,
NOR,SMOKERS,TOT,PC_POP15,A,1988,38.0,,ALCOHOL,TOT,LT_CAP15,A,5.3,,POP,TOT,MLN_PER,A,4.209489,
NOR,SMOKERS,TOT,PC_POP15,A,1989,36.0,,ALCOHOL,TOT,LT_CAP15,A,5.1,,POP,TOT,MLN_PER,A,4.226909,
NOR,SMOKERS,TOT,PC_POP15,A,1990,35.0,,ALCOHOL,TOT,LT_CAP15,A,5.0,,POP,TOT,MLN_PER,A,4.241476,
NOR,SMOKERS,TOT,PC_POP15,A,1991,34.0,,ALCOHOL,TOT,LT_CAP15,A,4.9,,POP,TOT,MLN_PER,A,4.261738,
NOR,SMOKERS,TOT,PC_POP15,A,1992,35.0,,ALCOHOL,TOT,LT_CAP15,A,4.7,,POP,TOT,MLN_PER,A,4.286397,
NOR,SMOKERS,TOT,PC_POP15,A,1993,37.0,,ALCOHOL,TOT,LT_CAP15,A,4.6,,POP,TOT,MLN_PER,A,4.311984,
NOR,SMOKERS,TOT,PC_POP15,A,1994,33.0,,ALCOHOL,TOT,LT_CAP15,A,4.7,,POP,TOT,MLN_PER,A,4.336614,
NOR,SMOKERS,TOT,PC_POP15,A,1995,33.0,,ALCOHOL,TOT,LT_CAP15,A,4.8,,POP,TOT,MLN_PER,A,4.359187,
NOR,SMOKERS,TOT,PC_POP15,A,1996,33.0,,ALCOHOL,TOT,LT_CAP15,A,5.0,,POP,TOT,MLN_PER,A,4.381339,
NOR,SMOKERS,TOT,PC_POP15,A,1997,34.0,,ALCOHOL,TOT,LT_CAP15,A,5.3,,POP,TOT,MLN_PER,A,4.405158,
NOR,SMOKERS,TOT,PC_POP15,A,1998,33.0,,ALCOHOL,TOT,LT_CAP15,A,5.2,,POP,TOT,MLN_PER,A,4.431465,
NOR,SMOKERS,TOT,PC_POP15,A,1999,32.0,,ALCOHOL,TOT,LT_CAP15,A,5.5,,POP,TOT,MLN_PER,A,4.461915,
NOR,SMOKERS,TOT,PC_POP15,A,2000,32.0,,ALCOHOL,TOT,LT_CAP15,A,5.7,,POP,TOT,MLN_PER,A,4.490973,
NOR,SMOKERS,TOT,PC_POP15,A,2001,30.0,,ALCOHOL,TOT,LT_CAP15,A,5.5,,POP,TOT,MLN_PER,A,4.513747,
NOR,SMOKERS,TOT,PC_POP15,A,2002,29.0,,ALCOHOL,TOT,LT_CAP15,A,5.9,,POP,TOT,MLN_PER,A,4.538157,
NOR,SMOKERS,TOT,PC_POP15,A,2003,26.0,,ALCOHOL,TOT,LT_CAP15,A,6.0,,POP,TOT,MLN_PER,A,4.564856,
NOR,SMOKERS,TOT,PC_POP15,A,2004,26.0,,ALCOHOL,TOT,LT_CAP15,A,6.2,,POP,TOT,MLN_PER,A,4.591909,
NOR,SMOKERS,TOT,PC_POP15,A,2005,25.0,,ALCOHOL,TOT,LT_CAP15,A,6.4,,POP,TOT,MLN_PER,A,4.623293,
NOR,SMOKERS,TOT,PC_POP15,A,2006,24.0,,ALCOHOL,TOT,LT_CAP15,A,6.5,,POP,TOT,MLN_PER,A,4.660673,
NOR,SMOKERS,TOT,PC_POP15,A,2007,22.0,,ALCOHOL,TOT,LT_CAP15,A,6.6,,POP,TOT,MLN_PER,A,4.709156,
NOR,SMOKERS,TOT,PC_POP15,A,2008,21.0,,ALCOHOL,TOT,LT_CAP15,A,6.8,,POP,TOT,MLN_PER,A,4.768215,
NOR,SMOKERS,TOT,PC_POP15,A,2009,21.0,,ALCOHOL,TOT,LT_CAP15,A,6.7,,POP,TOT,MLN_PER,A,4.828716,
NOR,SMOKERS,TOT,PC_POP15,A,2010,19.0,,ALCOHOL,TOT,LT_CAP15,A,6.6,,POP,TOT,MLN_PER,A,4.889253,
NOR,SMOKERS,TOT,PC_POP15,A,2011,17.0,,ALCOHOL,TOT,LT_CAP15,A,6.4,,POP,TOT,MLN_PER,A,4.953089,
NOR,SMOKERS,TOT,PC_POP15,A,2012,16.0,,ALCOHOL,TOT,LT_CAP15,A,6.2,,POP,TOT,MLN_PER,A,5.018574,
NOR,SMOKERS,TOT,PC_POP15,A,2013,15.0,,ALCOHOL,TOT,LT_CAP15,A,6.2,,POP,TOT,MLN_PER,A,5.080171,
NOR,SMOKERS,TOT,PC_POP15,A,2014,13.0,,ALCOHOL,TOT,LT_CAP15,A,6.1,,POP,TOT,MLN_PER,A,5.137427,
NOR,SMOKERS,TOT,PC_POP15,A,2015,13.0,,ALCOHOL,TOT,LT_CAP15,A,6.0,,POP,TOT,MLN_PER,A,5.189898,
NOR,SMOKERS,TOT,PC_POP15,A,2016,12.0,,ALCOHOL,TOT,LT_CAP15,A,6.0,,POP,TOT,MLN_PER,A,5.236152,
NOR,SMOKERS,TOT,PC_POP15,A,2017,11.0,,ALCOHOL,TOT,LT_CAP15,A,6.0,,POP,TOT,MLN_PER,A,5.276965,
NOR,SMOKERS,TOT,PC_POP15,A,2018,12.0,,ALCOHOL,TOT,LT_CAP15,A,6.0,,POP,TOT,MLN_PER,A,5.311916,
NOR,SMOKERS,TOT,PC_POP15,A,2019,9.0,,ALCOHOL,TOT,LT_CAP15,A,6.1,,POP,TOT,MLN_PER,A,5.347893,
NOR,SMOKERS,TOT,PC_POP15,A,2020,9.0,,ALCOHOL,TOT,LT_CAP15,A,7.2,,POP,TOT,MLN_PER,A,5.379472,
NOR,SMOKERS,TOT,PC_POP15,A,2021,8.0,,ALCOHOL,TOT,LT_CAP15,A,7.4,,POP,TOT,MLN_PER,A,5.40832,
POL,SMOKERS,TOT,PC_POP15,A,1996,31.5,,ALCOHOL,TOT,LT_CAP15,A,8.1,,POP,TOT,MLN_PER,A,38.289,
POL,SMOKERS,TOT,PC_POP15,A,2001,27.6,,ALCOHOL,TOT,LT_CAP15,A,7.8,,POP,TOT,MLN_PER,A,38.248076,
POL,SMOKERS,TOT,PC_POP15,A,2004,26.3,,ALCOHOL,TOT,LT_CAP15,A,9.2,,POP,TOT,MLN_PER,A,38.180249,
POL,SMOKERS,TOT,PC_POP15,A,2009,23.8,,ALCOHOL,TOT,LT_CAP15,A,10.2,,POP,TOT,MLN_PER,A,38.153389,
POL,SMOKERS,TOT,PC_POP15,A,2014,22.7,,ALCOHOL,TOT,LT_CAP15,A,10.5,,POP,TOT,MLN_PER,A,38.483957,
POL,SMOKERS,TOT,PC_POP15,A,2019,17.1,,ALCOHOL,TOT,LT_CAP15,A,11.0,,POP,TOT,MLN_PER,A,38.386476,
PRT,SMOKERS,TOT,PC_POP15,A,1987,19.0,,ALCOHOL,TOT,LT_CAP15,A,12.4,,POP,TOT,MLN_PER,A,10.0300305,
PRT,SMOKERS,TOT,PC_POP15,A,1996,19.5,,ALCOHOL,TOT,LT_CAP15,A,12.1,,POP,TOT,MLN_PER,A,10.0639445,
PRT,SMOKERS,TOT,PC_POP15,A,1999,20.6,,ALCOHOL,TOT,LT_CAP15,A,13.2,,POP,TOT,MLN_PER,A,10.217828,
PRT,SMOKERS,TOT,PC_POP15,A,2006,18.6,,ALCOHOL,TOT,LT_CAP15,A,11.8,,POP,TOT,MLN_PER,A,10.522288,
PRT,SMOKERS,TOT,PC_POP15,A,2014,16.8,,ALCOHOL,TOT,LT_CAP15,A,10.2,,POP,TOT,MLN_PER,A,10.4010615,
PRT,SMOKERS,TOT,PC_POP15,A,2019,14.2,,ALCOHOL,TOT,LT_CAP15,A,10.4,,POP,TOT,MLN_PER,A,10.286263,
SVK,SMOKERS,TOT,PC_POP15,A,2003,22.1,,ALCOHOL,TOT,LT_CAP15,A,9.9,,POP,TOT,MLN_PER,A,5.37895,
SVK,SMOKERS,TOT,PC_POP15,A,2009,19.5,,ALCOHOL,TOT,LT_CAP15,A,10.7,,POP,TOT,MLN_PER,A,5.418374,
SVK,SMOKERS,TOT,PC_POP15,A,2014,22.9,,ALCOHOL,TOT,LT_CAP15,A,10.1,,POP,TOT,MLN_PER,A,5.418649,
SVK,SMOKERS,TOT,PC_POP15,A,2019,21.0,,ALCOHOL,TOT,LT_CAP15,A,10.3,,POP,TOT,MLN_PER,A,5.454147,
ESP,SMOKERS,TOT,PC_POP15,A,1985,41.0,,ALCOHOL,TOT,LT_CAP15,A,14.5,,POP,TOT,MLN_PER,A,38.467025,
ESP,SMOKERS,TOT,PC_POP15,A,1987,38.4,,ALCOHOL,TOT,LT_CAP15,A,14.4,,POP,TOT,MLN_PER,A,38.682322,
ESP,SMOKERS,TOT,PC_POP15,A,1989,35.9,,ALCOHOL,TOT,LT_CAP15,A,13.3,,POP,TOT,MLN_PER,A,38.821377,
ESP,SMOKERS,TOT,PC_POP15,A,1993,32.1,,ALCOHOL,TOT,LT_CAP15,A,11.6,,POP,TOT,MLN_PER,A,39.356082,
ESP,SMOKERS,TOT,PC_POP15,A,1995,33.7,,ALCOHOL,TOT,LT_CAP15,A,11.0,,POP,TOT,MLN_PER,A,39.718895,
ESP,SMOKERS,TOT,PC_POP15,A,1997,33.2,,ALCOHOL,TOT,LT_CAP15,A,11.6,,POP,TOT,MLN_PER,A,40.049974,
ESP,SMOKERS,TOT,PC_POP15,A,2001,31.7,,ALCOHOL,TOT,LT_CAP15,A,12.4,,POP,TOT,MLN_PER,A,40.766049,
ESP,SMOKERS,TOT,PC_POP15,A,2003,28.1,,ALCOHOL,TOT,LT_CAP15,A,11.4,,POP,TOT,MLN_PER,A,42.196231,
ESP,SMOKERS,TOT,PC_POP15,A,2006,26.4,,ALCOHOL,TOT,LT_CAP15,A,11.9,,POP,TOT,MLN_PER,A,44.360521,
ESP,SMOKERS,TOT,PC_POP15,A,2009,26.2,,ALCOHOL,TOT,LT_CAP15,A,10.0,,POP,TOT,MLN_PER,A,46.36755,
ESP,SMOKERS,TOT,PC_POP15,A,2011,23.9,,ALCOHOL,TOT,LT_CAP15,A,9.6,,POP,TOT,MLN_PER,A,46.736257,
ESP,SMOKERS,TOT,PC_POP15,A,2014,23.0,,ALCOHOL,TOT,LT_CAP15,A,9.5,,POP,TOT,MLN_PER,A,46.455123,
ESP,SMOKERS,TOT,PC_POP15,A,2017,22.1,,ALCOHOL,TOT,LT_CAP15,A,10.8,,POP,TOT,MLN_PER,A,46.532869,
ESP,SMOKERS,TOT,PC_POP15,A,2020,19.8,,ALCOHOL,TOT,LT_CAP15,A,7.8,E,POP,TOT,MLN_PER,A,47.355685,
SWE,SMOKERS,TOT,PC_POP15,A,1980,32.4,,ALCOHOL,TOT,LT_CAP15,A,6.7,,POP,TOT,MLN_PER,A,8.310477,
SWE,SMOKERS,TOT,PC_POP15,A,1981,30.4,,ALCOHOL,TOT,LT_CAP15,A,6.3,,POP,TOT,MLN_PER,A,8.320482,
SWE,SMOKERS,TOT,PC_POP15,A,1982,30.6,,ALCOHOL,TOT,LT_CAP15,A,6.4,,POP,TOT,MLN_PER,A,8.32526,
SWE,SMOKERS,TOT,PC_POP15,A,1983,29.0,,ALCOHOL,TOT,LT_CAP15,A,6.1,,POP,TOT,MLN_PER,A,8.329025,
SWE,SMOKERS,TOT,PC_POP15,A,1984,30.5,,ALCOHOL,TOT,LT_CAP15,A,6.0,,POP,TOT,MLN_PER,A,8.336595,
SWE,SMOKERS,TOT,PC_POP15,A,1985,28.5,,ALCOHOL,TOT,LT_CAP15,A,6.1,,POP,TOT,MLN_PER,A,8.350378,
SWE,SMOKERS,TOT,PC_POP15,A,1986,27.6,,ALCOHOL,TOT,LT_CAP15,A,6.3,,POP,TOT,MLN_PER,A,8.369824,
SWE,SMOKERS,TOT,PC_POP15,A,1987,27.7,,ALCOHOL,TOT,LT_CAP15,A,6.2,,POP,TOT,MLN_PER,A,8.397797,
SWE,SMOKERS,TOT,PC_POP15,A,1988,27.0,,ALCOHOL,TOT,LT_CAP15,A,6.4,,POP,TOT,MLN_PER,A,8.436483,
SWE,SMOKERS,TOT,PC_POP15,A,1989,25.9,,ALCOHOL,TOT,LT_CAP15,A,6.5,,POP,TOT,MLN_PER,A,8.492959,
SWE,SMOKERS,TOT,PC_POP15,A,1990,25.8,,ALCOHOL,TOT,LT_CAP15,A,6.4,,POP,TOT,MLN_PER,A,8.558834,
SWE,SMOKERS,TOT,PC_POP15,A,1991,25.1,,ALCOHOL,TOT,LT_CAP15,A,6.3,,POP,TOT,MLN_PER,A,8.617376,
SWE,SMOKERS,TOT,PC_POP15,A,1992,25.9,,ALCOHOL,TOT,LT_CAP15,A,6.3,,POP,TOT,MLN_PER,A,8.668065,
SWE,SMOKERS,TOT,PC_POP15,A,1993,23.3,,ALCOHOL,TOT,LT_CAP15,A,6.2,,POP,TOT,MLN_PER,A,8.718558,
SWE,SMOKERS,TOT,PC_POP15,A,1994,22.7,,ALCOHOL,TOT,LT_CAP15,A,6.3,,POP,TOT,MLN_PER,A,8.780741,
SWE,SMOKERS,TOT,PC_POP15,A,1995,22.8,,ALCOHOL,TOT,LT_CAP15,A,6.2,,POP,TOT,MLN_PER,A,8.826944,
SWE,SMOKERS,TOT,PC_POP15,A,1996,22.3,,ALCOHOL,TOT,LT_CAP15,A,6.0,,POP,TOT,MLN_PER,A,8.840999,
SWE,SMOKERS,TOT,PC_POP15,A,1997,19.2,,ALCOHOL,TOT,LT_CAP15,A,5.9,,POP,TOT,MLN_PER,A,8.846059,
SWE,SMOKERS,TOT,PC_POP15,A,1998,19.1,,ALCOHOL,TOT,LT_CAP15,A,5.8,,POP,TOT,MLN_PER,A,8.850975,
SWE,SMOKERS,TOT,PC_POP15,A,1999,19.3,,ALCOHOL,TOT,LT_CAP15,A,6.1,,POP,TOT,MLN_PER,A,8.857879,
SWE,SMOKERS,TOT,PC_POP15,A,2000,18.9,,ALCOHOL,TOT,LT_CAP15,A,6.2,,POP,TOT,MLN_PER,A,8.872112,
SWE,SMOKERS,TOT,PC_POP15,A,2001,18.9,,ALCOHOL,TOT,LT_CAP15,A,6.5,,POP,TOT,MLN_PER,A,8.895963,
SWE,SMOKERS,TOT,PC_POP15,A,2002,17.5,,ALCOHOL,TOT,LT_CAP15,A,6.9,,POP,TOT,MLN_PER,A,8.92496,
SWE,SMOKERS,TOT,PC_POP15,A,2003,17.2,,ALCOHOL,TOT,LT_CAP15,A,6.9,,POP,TOT,MLN_PER,A,8.958232,
SWE,SMOKERS,TOT,PC_POP15,A,2004,15.9,,ALCOHOL,TOT,LT_CAP15,A,6.5,,POP,TOT,MLN_PER,A,8.993534,
SWE,SMOKERS,TOT,PC_POP15,A,2005,15.7,,ALCOHOL,TOT,LT_CAP15,A,6.5,,POP,TOT,MLN_PER,A,9.029567,
SWE,SMOKERS,TOT,PC_POP15,A,2006,15.2,,ALCOHOL,TOT,LT_CAP15,A,6.8,,POP,TOT,MLN_PER,A,9.080506,
SWE,SMOKERS,TOT,PC_POP15,A,2007,13.8,,ALCOHOL,TOT,LT_CAP15,A,7.0,,POP,TOT,MLN_PER,A,9.148093,
SWE,SMOKERS,TOT,PC_POP15,A,2008,14.6,,ALCOHOL,TOT,LT_CAP15,A,7.0,,POP,TOT,MLN_PER,A,9.219639,
SWE,SMOKERS,TOT,PC_POP15,A,2009,14.0,,ALCOHOL,TOT,LT_CAP15,A,7.3,,POP,TOT,MLN_PER,A,9.298512,
SWE,SMOKERS,TOT,PC_POP15,A,2010,13.6,,ALCOHOL,TOT,LT_CAP15,A,7.4,,POP,TOT,MLN_PER,A,9.378131,
SWE,SMOKERS,TOT,PC_POP15,A,2011,13.1,,ALCOHOL,TOT,LT_CAP15,A,7.3,,POP,TOT,MLN_PER,A,9.449216,
SWE,SMOKERS,TOT,PC_POP15,A,2012,12.8,,ALCOHOL,TOT,LT_CAP15,A,7.2,,POP,TOT,MLN_PER,A,9.519379,
SWE,SMOKERS,TOT,PC_POP15,A,2013,10.7,,ALCOHOL,TOT,LT_CAP15,A,7.3,,POP,TOT,MLN_PER,A,9.600374,
SWE,SMOKERS,TOT,PC_POP15,A,2014,11.9,,ALCOHOL,TOT,LT_CAP15,A,7.2,,POP,TOT,MLN_PER,A,9.696105,
SWE,SMOKERS,TOT,PC_POP15,A,2015,11.2,,ALCOHOL,TOT,LT_CAP15,A,7.1,,POP,TOT,MLN_PER,A,9.799183,
SWE,SMOKERS,TOT,PC_POP15,A,2016,10.9,,ALCOHOL,TOT,LT_CAP15,A,7.2,,POP,TOT,MLN_PER,A,9.923086,
SWE,SMOKERS,TOT,PC_POP15,A,2017,10.4,,ALCOHOL,TOT,LT_CAP15,A,7.0,,POP,TOT,MLN_PER,A,10.057695,
SWE,SMOKERS,TOT,PC_POP15,A,2018,10.1,,ALCOHOL,TOT,LT_CAP15,A,7.2,,POP,TOT,MLN_PER,A,10.175215,
SWE,SMOKERS,TOT,PC_POP15,A,2019,10.4,,ALCOHOL,TOT,LT_CAP15,A,7.1,,POP,TOT,MLN_PER,A,10.278888,
SWE,SMOKERS,TOT,PC_POP15,A,2020,9.5,,ALCOHOL,TOT,LT_CAP15,A,7.5,,POP,TOT,MLN_PER,A,10.353444,
CHE,SMOKERS,TOT,PC_POP15,A,1992,28.1,,ALCOHOL,TOT,LT_CAP15,A,12.3,,POP,TOT,MLN_PER,A,6.875364,
CHE,SMOKERS,TOT,PC_POP15,A,1997,28.9,,ALCOHOL,TOT,LT_CAP15,A,11.2,,POP,TOT,MLN_PER,A,7.088906,
CHE,SMOKERS,TOT,PC_POP15,A,2002,26.5,,ALCOHOL,TOT,LT_CAP15,A,10.8,,POP,TOT,MLN_PER,A,7.284754,
CHE,SMOKERS,TOT,PC_POP15,A,2007,20.4,,ALCOHOL,TOT,LT_CAP15,A,10.4,,POP,TOT,MLN_PER,A,7.551117,
CHE,SMOKERS,TOT,PC_POP15,A,2012,20.4,,ALCOHOL,TOT,LT_CAP15,A,9.9,,POP,TOT,MLN_PER,A,7.996861,
CHE,SMOKERS,TOT,PC_POP15,A,2017,19.1,,ALCOHOL,TOT,LT_CAP15,A,9.2,,POP,TOT,MLN_PER,A,8.451834,
TUR,SMOKERS,TOT,PC_POP15,A,1989,47.4,,ALCOHOL,TOT,LT_CAP15,A,1.4,,POP,TOT,MLN_PER,A,54.192,
TUR,SMOKERS,TOT,PC_POP15,A,1995,43.6,,ALCOHOL,TOT,LT_CAP15,A,1.7,,POP,TOT,MLN_PER,A,59.756,
TUR,SMOKERS,TOT,PC_POP15,A,2003,32.1,,ALCOHOL,TOT,LT_CAP15,A,1.5,,POP,TOT,MLN_PER,A,66.794551,
TUR,SMOKERS,TOT,PC_POP15,A,2006,33.4,,ALCOHOL,TOT,LT_CAP15,A,1.2,,POP,TOT,MLN_PER,A,69.295253,
TUR,SMOKERS,TOT,PC_POP15,A,2008,27.4,,ALCOHOL,TOT,LT_CAP15,A,1.5,,POP,TOT,MLN_PER,A,71.051689,
TUR,SMOKERS,TOT,PC_POP15,A,2010,25.4,,ALCOHOL,TOT,LT_CAP15,A,1.5,,POP,TOT,MLN_PER,A,73.142162,
TUR,SMOKERS,TOT,PC_POP15,A,2012,23.8,,ALCOHOL,TOT,LT_CAP15,A,1.6,,POP,TOT,MLN_PER,A,75.175836,
TUR,SMOKERS,TOT,PC_POP15,A,2014,27.3,,ALCOHOL,TOT,LT_CAP15,A,1.5,,POP,TOT,MLN_PER,A,77.181894,
TUR,SMOKERS,TOT,PC_POP15,A,2016,26.5,,ALCOHOL,TOT,LT_CAP15,A,1.3,,POP,TOT,MLN_PER,A,79.277971,
TUR,SMOKERS,TOT,PC_POP15,A,2019,28.0,,ALCOHOL,TOT,LT_CAP15,A,1.3,,POP,TOT,MLN_PER,A,82.579448,
GBR,SMOKERS,TOT,PC_POP15,A,1961,51.0,,ALCOHOL,TOT,LT_CAP15,A,7.1,,POP,TOT,MLN_PER,A,52.708934,
GBR,SMOKERS,TOT,PC_POP15,A,1962,49.5,,ALCOHOL,TOT,LT_CAP15,A,7.1,,POP,TOT,MLN_PER,A,53.341128,
GBR,SMOKERS,TOT,PC_POP15,A,1963,48.5,,ALCOHOL,TOT,LT_CAP15,A,7.2,,POP,TOT,MLN_PER,A,53.6782,
GBR,SMOKERS,TOT,PC_POP15,A,1964,47.5,,ALCOHOL,TOT,LT_CAP15,A,7.5,,POP,TOT,MLN_PER,A,54.0657,
GBR,SMOKERS,TOT,PC_POP15,A,1965,48.0,,ALCOHOL,TOT,LT_CAP15,A,7.4,,POP,TOT,MLN_PER,A,54.4357,
GBR,SMOKERS,TOT,PC_POP15,A,1966,49.5,,ALCOHOL,TOT,LT_CAP15,A,7.6,,POP,TOT,MLN_PER,A,54.6541,
GBR,SMOKERS,TOT,PC_POP15,A,1967,49.0,,ALCOHOL,TOT,LT_CAP15,A,7.7,,POP,TOT,MLN_PER,A,54.9784,
GBR,SMOKERS,TOT,PC_POP15,A,1968,49.0,,ALCOHOL,TOT,LT_CAP15,A,7.9,,POP,TOT,MLN_PER,A,55.2825,
GBR,SMOKERS,TOT,PC_POP15,A,1969,49.0,,ALCOHOL,TOT,LT_CAP15,A,8.1,,POP,TOT,MLN_PER,A,55.534,
GBR,SMOKERS,TOT,PC_POP15,A,1970,49.5,,ALCOHOL,TOT,LT_CAP15,A,7.1,,POP,TOT,MLN_PER,A,55.7107,
GBR,SMOKERS,TOT,PC_POP15,A,1971,46.5,,ALCOHOL,TOT,LT_CAP15,A,7.4,,POP,TOT,MLN_PER,A,55.928013,
GBR,SMOKERS,TOT,PC_POP15,A,1972,46.5,,ALCOHOL,TOT,LT_CAP15,A,7.8,,POP,TOT,MLN_PER,A,56.096677,
GBR,SMOKERS,TOT,PC_POP15,A,1973,46.0,,ALCOHOL,TOT,LT_CAP15,A,8.7,,POP,TOT,MLN_PER,A,56.222893,
GBR,SMOKERS,TOT,PC_POP15,A,1974,45.0,B,ALCOHOL,TOT,LT_CAP15,A,9.1,,POP,TOT,MLN_PER,A,56.235642,
GBR,SMOKERS,TOT,PC_POP15,A,1976,42.0,,ALCOHOL,TOT,LT_CAP15,A,9.3,,POP,TOT,MLN_PER,A,56.216121,
GBR,SMOKERS,TOT,PC_POP15,A,1978,40.0,,ALCOHOL,TOT,LT_CAP15,A,9.4,,POP,TOT,MLN_PER,A,56.178025,
GBR,SMOKERS,TOT,PC_POP15,A,1980,39.0,,ALCOHOL,TOT,LT_CAP15,A,9.4,,POP,TOT,MLN_PER,A,56.329673,
GBR,SMOKERS,TOT,PC_POP15,A,1982,35.0,,ALCOHOL,TOT,LT_CAP15,A,8.8,,POP,TOT,MLN_PER,A,56.290711,
GBR,SMOKERS,TOT,PC_POP15,A,1984,34.0,,ALCOHOL,TOT,LT_CAP15,A,9.2,,POP,TOT,MLN_PER,A,56.409327,
GBR,SMOKERS,TOT,PC_POP15,A,1986,33.0,,ALCOHOL,TOT,LT_CAP15,A,9.3,,POP,TOT,MLN_PER,A,56.683835,
GBR,SMOKERS,TOT,PC_POP15,A,1988,32.0,,ALCOHOL,TOT,LT_CAP15,A,9.8,,POP,TOT,MLN_PER,A,56.916448,
GBR,SMOKERS,TOT,PC_POP15,A,1990,30.0,,ALCOHOL,TOT,LT_CAP15,A,9.8,,POP,TOT,MLN_PER,A,57.237493,
GBR,SMOKERS,TOT,PC_POP15,A,1992,29.0,,ALCOHOL,TOT,LT_CAP15,A,9.3,,POP,TOT,MLN_PER,A,57.58453,
GBR,SMOKERS,TOT,PC_POP15,A,1994,27.0,,ALCOHOL,TOT,LT_CAP15,A,9.6,,POP,TOT,MLN_PER,A,57.862145,
GBR,SMOKERS,TOT,PC_POP15,A,1996,28.0,,ALCOHOL,TOT,LT_CAP15,A,9.8,,POP,TOT,MLN_PER,A,58.164374,
GBR,SMOKERS,TOT,PC_POP15,A,1998,27.0,,ALCOHOL,TOT,LT_CAP15,A,9.8,,POP,TOT,MLN_PER,A,58.474943,
GBR,SMOKERS,TOT,PC_POP15,A,2000,27.0,,ALCOHOL,TOT,LT_CAP15,A,10.4,,POP,TOT,MLN_PER,A,58.886065,
GBR,SMOKERS,TOT,PC_POP15,A,2001,27.0,,ALCOHOL,TOT,LT_CAP15,A,10.8,,POP,TOT,MLN_PER,A,59.113016,
GBR,SMOKERS,TOT,PC_POP15,A,2002,26.0,,ALCOHOL,TOT,LT_CAP15,A,11.1,,POP,TOT,MLN_PER,A,59.365677,
GBR,SMOKERS,TOT,PC_POP15,A,2003,26.0,,ALCOHOL,TOT,LT_CAP15,A,11.3,,POP,TOT,MLN_PER,A,59.636662,
GBR,SMOKERS,TOT,PC_POP15,A,2004,25.0,,ALCOHOL,TOT,LT_CAP15,A,11.6,,POP,TOT,MLN_PER,A,59.950364,
GBR,SMOKERS,TOT,PC_POP15,A,2005,24.0,,ALCOHOL,TOT,LT_CAP15,A,11.4,,POP,TOT,MLN_PER,A,60.413276,
GBR,SMOKERS,TOT,PC_POP15,A,2006,22.0,,ALCOHOL,TOT,LT_CAP15,A,11.0,,POP,TOT,MLN_PER,A,60.827067,
GBR,SMOKERS,TOT,PC_POP15,A,2007,21.0,,ALCOHOL,TOT,LT_CAP15,A,11.1,,POP,TOT,MLN_PER,A,61.319075,
GBR,SMOKERS,TOT,PC_POP15,A,2008,21.0,,ALCOHOL,TOT,LT_CAP15,A,10.8,,POP,TOT,MLN_PER,A,61.823772,
GBR,SMOKERS,TOT,PC_POP15,A,2009,21.0,,ALCOHOL,TOT,LT_CAP15,A,10.1,,POP,TOT,MLN_PER,A,62.260486,
GBR,SMOKERS,TOT,PC_POP15,A,2010,20.0,,ALCOHOL,TOT,LT_CAP15,A,10.1,,POP,TOT,MLN_PER,A,62.759456,
GBR,SMOKERS,TOT,PC_POP15,A,2011,20.0,,ALCOHOL,TOT,LT_CAP15,A,9.9,,POP,TOT,MLN_PER,A,63.285145,
GBR,SMOKERS,TOT,PC_POP15,A,2012,20.0,,ALCOHOL,TOT,LT_CAP15,A,9.6,,POP,TOT,MLN_PER,A,63.70503,
GBR,SMOKERS,TOT,PC_POP15,A,2013,19.0,,ALCOHOL,TOT,LT_CAP15,A,9.4,,POP,TOT,MLN_PER,A,64.105654,
GBR,SMOKERS,TOT,PC_POP15,A,2014,19.0,,ALCOHOL,TOT,LT_CAP15,A,9.4,,POP,TOT,MLN_PER,A,64.596752,
GBR,SMOKERS,TOT,PC_POP15,A,2015,17.8,,ALCOHOL,TOT,LT_CAP15,A,9.5,,POP,TOT,MLN_PER,A,65.110034,
GBR,SMOKERS,TOT,PC_POP15,A,2016,16.1,,ALCOHOL,TOT,LT_CAP15,A,9.5,,POP,TOT,MLN_PER,A,65.648054,
GBR,SMOKERS,TOT,PC_POP15,A,2017,16.8,,ALCOHOL,TOT,LT_CAP15,A,9.7,,POP,TOT,MLN_PER,A,66.040229,
GBR,SMOKERS,TOT,PC_POP15,A,2018,16.6,,ALCOHOL,TOT,LT_CAP15,A,9.8,,POP,TOT,MLN_PER,A,66.43555,
GBR,SMOKERS,TOT,PC_POP15,A,2019,15.8,,ALCOHOL,TOT,LT_CAP15,A,9.7,,POP,TOT,MLN_PER,A,66.796807,
GBR,SMOKERS,TOT,PC_POP15,A,2020,14.5,,ALCOHOL,TOT,LT_CAP15,A,9.7,,POP,TOT,MLN_PER,A,67.081234,
USA,SMOKERS,TOT,PC_POP15,A,1965,42.4,,ALCOHOL,TOT,LT_CAP15,A,8.6,,POP,TOT,MLN_PER,A,194.302963,
USA,SMOKERS,TOT,PC_POP15,A,1966,42.6,,ALCOHOL,TOT,LT_CAP15,A,8.8,,POP,TOT,MLN_PER,A,196.560338,
USA,SMOKERS,TOT,PC_POP15,A,1967,39.1,,ALCOHOL,TOT,LT_CAP15,A,9.0,,POP,TOT,MLN_PER,A,198.712056,
USA,SMOKERS,TOT,PC_POP15,A,1968,37.7,,ALCOHOL,TOT,LT_CAP15,A,9.3,,POP,TOT,MLN_PER,A,200.706052,
USA,SMOKERS,TOT,PC_POP15,A,1970,37.4,,ALCOHOL,TOT,LT_CAP15,A,9.5,,POP,TOT,MLN_PER,A,205.052174,
USA,SMOKERS,TOT,PC_POP15,A,1974,37.1,,ALCOHOL,TOT,LT_CAP15,A,10.0,,POP,TOT,MLN_PER,A,213.853928,
USA,SMOKERS,TOT,PC_POP15,A,1976,36.1,,ALCOHOL,TOT,LT_CAP15,A,10.1,,POP,TOT,MLN_PER,A,218.035164,
USA,SMOKERS,TOT,PC_POP15,A,1977,36.0,,ALCOHOL,TOT,LT_CAP15,A,9.8,,POP,TOT,MLN_PER,A,220.239425,
USA,SMOKERS,TOT,PC_POP15,A,1978,34.1,,ALCOHOL,TOT,LT_CAP15,A,10.1,,POP,TOT,MLN_PER,A,222.584545,
USA,SMOKERS,TOT,PC_POP15,A,1979,33.5,,ALCOHOL,TOT,LT_CAP15,A,10.2,,POP,TOT,MLN_PER,A,225.055487,
USA,SMOKERS,TOT,PC_POP15,A,1980,33.2,,ALCOHOL,TOT,LT_CAP15,A,10.4,,POP,TOT,MLN_PER,A,227.224681,
USA,SMOKERS,TOT,PC_POP15,A,1983,32.1,,ALCOHOL,TOT,LT_CAP15,A,10.2,,POP,TOT,MLN_PER,A,233.791994,
USA,SMOKERS,TOT,PC_POP15,A,1985,30.1,,ALCOHOL,TOT,LT_CAP15,A,9.9,,POP,TOT,MLN_PER,A,237.923795,
USA,SMOKERS,TOT,PC_POP15,A,1987,28.8,,ALCOHOL,TOT,LT_CAP15,A,9.7,,POP,TOT,MLN_PER,A,242.288918,
USA,SMOKERS,TOT,PC_POP15,A,1988,28.1,,ALCOHOL,TOT,LT_CAP15,A,9.4,,POP,TOT,MLN_PER,A,244.498982,
USA,SMOKERS,TOT,PC_POP15,A,1990,25.5,,ALCOHOL,TOT,LT_CAP15,A,9.3,,POP,TOT,MLN_PER,A,249.622814,
USA,SMOKERS,TOT,PC_POP15,A,1991,22.1,B,ALCOHOL,TOT,LT_CAP15,A,8.7,,POP,TOT,MLN_PER,A,252.980941,
USA,SMOKERS,TOT,PC_POP15,A,1992,22.3,,ALCOHOL,TOT,LT_CAP15,A,8.7,,POP,TOT,MLN_PER,A,256.514224,
USA,SMOKERS,TOT,PC_POP15,A,1993,20.4,,ALCOHOL,TOT,LT_CAP15,A,8.4,,POP,TOT,MLN_PER,A,259.918588,
USA,SMOKERS,TOT,PC_POP15,A,1994,21.0,,ALCOHOL,TOT,LT_CAP15,A,8.3,,POP,TOT,MLN_PER,A,263.125821,
USA,SMOKERS,TOT,PC_POP15,A,1995,20.0,,ALCOHOL,TOT,LT_CAP15,A,8.1,,POP,TOT,MLN_PER,A,266.278393,
USA,SMOKERS,TOT,PC_POP15,A,1997,20.3,,ALCOHOL,TOT,LT_CAP15,A,8.1,,POP,TOT,MLN_PER,A,272.646925,
USA,SMOKERS,TOT,PC_POP15,A,1998,19.9,,ALCOHOL,TOT,LT_CAP15,A,8.1,,POP,TOT,MLN_PER,A,275.854104,
USA,SMOKERS,TOT,PC_POP15,A,1999,19.2,,ALCOHOL,TOT,LT_CAP15,A,8.2,,POP,TOT,MLN_PER,A,279.040168,
USA,SMOKERS,TOT,PC_POP15,A,2000,19.1,,ALCOHOL,TOT,LT_CAP15,A,8.3,,POP,TOT,MLN_PER,A,282.162411,
USA,SMOKERS,TOT,PC_POP15,A,2001,18.7,,ALCOHOL,TOT,LT_CAP15,A,8.3,,POP,TOT,MLN_PER,A,284.968955,
USA,SMOKERS,TOT,PC_POP15,A,2002,18.4,,ALCOHOL,TOT,LT_CAP15,A,8.3,,POP,TOT,MLN_PER,A,287.625193,
USA,SMOKERS,TOT,PC_POP15,A,2003,17.5,,ALCOHOL,TOT,LT_CAP15,A,8.4,,POP,TOT,MLN_PER,A,290.107933,
USA,SMOKERS,TOT,PC_POP15,A,2004,17.0,,ALCOHOL,TOT,LT_CAP15,A,8.5,,POP,TOT,MLN_PER,A,292.805298,
USA,SMOKERS,TOT,PC_POP15,A,2005,16.9,,ALCOHOL,TOT,LT_CAP15,A,8.5,,POP,TOT,MLN_PER,A,295.516599,
USA,SMOKERS,TOT,PC_POP15,A,2006,16.7,,ALCOHOL,TOT,LT_CAP15,A,8.6,,POP,TOT,MLN_PER,A,298.379912,
USA,SMOKERS,TOT,PC_POP15,A,2007,15.4,,ALCOHOL,TOT,LT_CAP15,A,8.7,,POP,TOT,MLN_PER,A,301.231207,
USA,SMOKERS,TOT,PC_POP15,A,2008,16.5,,ALCOHOL,TOT,LT_CAP15,A,8.7,,POP,TOT,MLN_PER,A,304.093966,
USA,SMOKERS,TOT,PC_POP15,A,2009,16.1,,ALCOHOL,TOT,LT_CAP15,A,8.7,,POP,TOT,MLN_PER,A,306.771529,
USA,SMOKERS,TOT,PC_POP15,A,2010,15.1,,ALCOHOL,TOT,LT_CAP15,A,8.6,,POP,TOT,MLN_PER,A,309.327143,
USA,SMOKERS,TOT,PC_POP15,A,2011,14.8,,ALCOHOL,TOT,LT_CAP15,A,8.7,,POP,TOT,MLN_PER,A,311.583481,
USA,SMOKERS,TOT,PC_POP15,A,2012,14.2,,ALCOHOL,TOT,LT_CAP15,A,8.9,,POP,TOT,MLN_PER,A,313.877662,
USA,SMOKERS,TOT,PC_POP15,A,2013,13.7,,ALCOHOL,TOT,LT_CAP15,A,8.8,,POP,TOT,MLN_PER,A,316.059947,
USA,SMOKERS,TOT,PC_POP15,A,2014,12.9,,ALCOHOL,TOT,LT_CAP15,A,8.8,,POP,TOT,MLN_PER,A,318.386329,
USA,SMOKERS,TOT,PC_POP15,A,2015,11.4,,ALCOHOL,TOT,LT_CAP15,A,8.8,,POP,TOT,MLN_PER,A,320.738994,
USA,SMOKERS,TOT,PC_POP15,A,2016,11.8,,ALCOHOL,TOT,LT_CAP15,A,8.9,,POP,TOT,MLN_PER,A,323.071755,
USA,SMOKERS,TOT,PC_POP15,A,2017,10.5,,ALCOHOL,TOT,LT_CAP15,A,8.9,,POP,TOT,MLN_PER,A,325.122128,
USA,SMOKERS,TOT,PC_POP15,A,2018,10.3,,ALCOHOL,TOT,LT_CAP15,A,8.9,,POP,TOT,MLN_PER,A,326.838199,
USA,SMOKERS,TOT,PC_POP15,A,2019,10.9,,ALCOHOL,TOT,LT_CAP15,A,9.0,,POP,TOT,MLN_PER,A,328.329953,
USA,SMOKERS,TOT,PC_POP15,A,2020,9.4,,ALCOHOL,TOT,LT_CAP15,A,9.3,,POP,TOT,MLN_PER,A,331.50108,
BRA,SMOKERS,TOT,PC_POP15,A,2003,17.6,,ALCOHOL,TOT,LT_CAP15,A,6.8,,POP,TOT,MLN_PER,A,180.708344,
BRA,SMOKERS,TOT,PC_POP15,A,2006,15.7,,ALCOHOL,TOT,LT_CAP15,A,6.9,,POP,TOT,MLN_PER,A,187.06161,
BRA,SMOKERS,TOT,PC_POP15,A,2007,15.6,,ALCOHOL,TOT,LT_CAP15,A,6.9,,POP,TOT,MLN_PER,A,189.038268,
BRA,SMOKERS,TOT,PC_POP15,A,2008,14.8,,ALCOHOL,TOT,LT_CAP15,A,6.8,,POP,TOT,MLN_PER,A,191.010274,
BRA,SMOKERS,TOT,PC_POP15,A,2009,14.3,,ALCOHOL,TOT,LT_CAP15,A,7.0,,POP,TOT,MLN_PER,A,192.980905,
BRA,SMOKERS,TOT,PC_POP15,A,2010,14.1,,ALCOHOL,TOT,LT_CAP15,A,7.2,,POP,TOT,MLN_PER,A,194.890682,
BRA,SMOKERS,TOT,PC_POP15,A,2011,13.4,,ALCOHOL,TOT,LT_CAP15,A,7.1,,POP,TOT,MLN_PER,A,196.603732,
BRA,SMOKERS,TOT,PC_POP15,A,2012,12.1,,ALCOHOL,TOT,LT_CAP15,A,7.1,,POP,TOT,MLN_PER,A,198.314934,
BRA,SMOKERS,TOT,PC_POP15,A,2013,11.3,,ALCOHOL,TOT,LT_CAP15,A,6.9,,POP,TOT,MLN_PER,A,200.004188,
BRA,SMOKERS,TOT,PC_POP15,A,2014,10.8,,ALCOHOL,TOT,LT_CAP15,A,6.9,,POP,TOT,MLN_PER,A,201.717541,
BRA,SMOKERS,TOT,PC_POP15,A,2015,10.4,,ALCOHOL,TOT,LT_CAP15,A,6.6,,POP,TOT,MLN_PER,A,203.475683,
BRA,SMOKERS,TOT,PC_POP15,A,2016,10.2,,ALCOHOL,TOT,LT_CAP15,A,6.4,,POP,TOT,MLN_PER,A,205.156587,
BRA,SMOKERS,TOT,PC_POP15,A,2017,10.1,,ALCOHOL,TOT,LT_CAP15,A,6.3,,POP,TOT,MLN_PER,A,206.804741,
BRA,SMOKERS,TOT,PC_POP15,A,2018,9.3,,ALCOHOL,TOT,LT_CAP15,A,6.2,,POP,TOT,MLN_PER,A,208.4949,
BRA,SMOKERS,TOT,PC_POP15,A,2019,9.8,,ALCOHOL,TOT,LT_CAP15,A,6.1,,POP,TOT,MLN_PER,A,210.147125,
CHL,SMOKERS,TOT,PC_POP15,A,2003,33.0,,ALCOHOL,TOT,LT_CAP15,A,6.5,,POP,TOT,MLN_PER,A,15.856977,
CHL,SMOKERS,TOT,PC_POP15,A,2009,29.8,,ALCOHOL,TOT,LT_CAP15,A,7.2,,POP,TOT,MLN_PER,A,16.881078,
CHL,SMOKERS,TOT,PC_POP15,A,2016,24.5,,ALCOHOL,TOT,LT_CAP15,A,6.4,B,POP,TOT,MLN_PER,A,18.167147,
CHN,SMOKERS,TOT,PC_POP15,A,2000,27.5,D,ALCOHOL,TOT,LT_CAP15,A,3.0,,POP,TOT,MLN_PER,A,1264.09907,
CHN,SMOKERS,TOT,PC_POP15,A,2005,26.6,D,ALCOHOL,TOT,LT_CAP15,A,2.9,,POP,TOT,MLN_PER,A,1304.88756,
CHN,SMOKERS,TOT,PC_POP15,A,2010,26.2,D,ALCOHOL,TOT,LT_CAP15,A,5.8,,POP,TOT,MLN_PER,A,1348.191369,
CHN,SMOKERS,TOT,PC_POP15,A,2015,25.8,D,ALCOHOL,TOT,LT_CAP15,A,5.7,,POP,TOT,MLN_PER,A,1393.715447,
CHN,SMOKERS,TOT,PC_POP15,A,2018,25.4,D,ALCOHOL,TOT,LT_CAP15,A,4.8,,POP,TOT,MLN_PER,A,1417.069468,
CHN,SMOKERS,TOT,PC_POP15,A,2019,25.4,D,ALCOHOL,TOT,LT_CAP15,A,4.5,,POP,TOT,MLN_PER,A,1421.864034,
EST,SMOKERS,TOT,PC_POP15,A,1990,27.5,,ALCOHOL,TOT,LT_CAP15,A,9.8,,POP,TOT,MLN_PER,A,1.569174,
EST,SMOKERS,TOT,PC_POP15,A,1992,30.9,,ALCOHOL,TOT,LT_CAP15,A,7.8,,POP,TOT,MLN_PER,A,1.533091,
EST,SMOKERS,TOT,PC_POP15,A,1994,33.5,,ALCOHOL,TOT,LT_CAP15,A,8.2,,POP,TOT,MLN_PER,A,1.462514,
EST,SMOKERS,TOT,PC_POP15,A,1996,31.9,,ALCOHOL,TOT,LT_CAP15,A,8.0,,POP,TOT,MLN_PER,A,1.415594,
EST,SMOKERS,TOT,PC_POP15,A,1998,29.7,,ALCOHOL,TOT,LT_CAP15,A,8.0,,POP,TOT,MLN_PER,A,1.386156,
EST,SMOKERS,TOT,PC_POP15,A,2000,30.3,,ALCOHOL,TOT,LT_CAP15,A,9.0,,POP,TOT,MLN_PER,A,1.396985,
EST,SMOKERS,TOT,PC_POP15,A,2002,28.3,,ALCOHOL,TOT,LT_CAP15,A,12.0,,POP,TOT,MLN_PER,A,1.37935,
EST,SMOKERS,TOT,PC_POP15,A,2004,32.8,,ALCOHOL,TOT,LT_CAP15,A,11.5,D,POP,TOT,MLN_PER,A,1.36255,
EST,SMOKERS,TOT,PC_POP15,A,2006,27.8,,ALCOHOL,TOT,LT_CAP15,A,13.4,D,POP,TOT,MLN_PER,A,1.34681,
EST,SMOKERS,TOT,PC_POP15,A,2008,26.2,,ALCOHOL,TOT,LT_CAP15,A,14.2,D,POP,TOT,MLN_PER,A,1.33709,
EST,SMOKERS,TOT,PC_POP15,A,2010,26.2,,ALCOHOL,TOT,LT_CAP15,A,11.4,D,POP,TOT,MLN_PER,A,1.331475,
EST,SMOKERS,TOT,PC_POP15,A,2012,26.0,,ALCOHOL,TOT,LT_CAP15,A,12.1,D,POP,TOT,MLN_PER,A,1.322696,
EST,SMOKERS,TOT,PC_POP15,A,2014,22.1,,ALCOHOL,TOT,LT_CAP15,A,11.1,D,POP,TOT,MLN_PER,A,1.314545,
EST,SMOKERS,TOT,PC_POP15,A,2016,21.3,,ALCOHOL,TOT,LT_CAP15,A,10.2,D,POP,TOT,MLN_PER,A,1.31579,
EST,SMOKERS,TOT,PC_POP15,A,2018,17.2,,ALCOHOL,TOT,LT_CAP15,A,10.0,D,POP,TOT,MLN_PER,A,1.321977,
EST,SMOKERS,TOT,PC_POP15,A,2020,17.9,,ALCOHOL,TOT,LT_CAP15,A,10.5,D,POP,TOT,MLN_PER,A,1.329479,
IND,SMOKERS,TOT,PC_POP15,A,2000,26.9,D,ALCOHOL,TOT,LT_CAP15,A,0.9,,POP,TOT,MLN_PER,A,1059.633677,
IND,SMOKERS,TOT,PC_POP15,A,2005,19.8,D,ALCOHOL,TOT,LT_CAP15,A,1.3,,POP,TOT,MLN_PER,A,1154.638709,
IND,SMOKERS,TOT,PC_POP15,A,2010,14.7,D,ALCOHOL,TOT,LT_CAP15,A,2.7,,POP,TOT,MLN_PER,A,1240.61362,
IND,SMOKERS,TOT,PC_POP15,A,2015,10.9,D,ALCOHOL,TOT,LT_CAP15,A,3.0,,POP,TOT,MLN_PER,A,1322.866502,
IND,SMOKERS,TOT,PC_POP15,A,2018,9.1,D,ALCOHOL,TOT,LT_CAP15,A,3.0,,POP,TOT,MLN_PER,A,1369.003306,
IND,SMOKERS,TOT,PC_POP15,A,2019,8.6,D,ALCOHOL,TOT,LT_CAP15,A,3.1,,POP,TOT,MLN_PER,A,1383.112051,
IDN,SMOKERS,TOT,PC_POP15,A,2000,30.2,D,ALCOHOL,TOT,LT_CAP15,A,0.1,,POP,TOT,MLN_PER,A,211.513822,
IDN,SMOKERS,TOT,PC_POP15,A,2005,30.7,D,ALCOHOL,TOT,LT_CAP15,A,0.1,,POP,TOT,MLN_PER,A,226.289468,
IDN,SMOKERS,TOT,PC_POP15,A,2010,31.4,D,ALCOHOL,TOT,LT_CAP15,A,0.1,,POP,TOT,MLN_PER,A,241.834226,
IDN,SMOKERS,TOT,PC_POP15,A,2015,32.0,D,ALCOHOL,TOT,LT_CAP15,A,0.1,,POP,TOT,MLN_PER,A,255.5879,
IDN,SMOKERS,TOT,PC_POP15,A,2018,32.3,D,ALCOHOL,TOT,LT_CAP15,A,0.1,,POP,TOT,MLN_PER,A,264.1616,
IDN,SMOKERS,TOT,PC_POP15,A,2019,32.6,D,ALCOHOL,TOT,LT_CAP15,A,0.1,,POP,TOT,MLN_PER,A,266.9119,
ISR,SMOKERS,TOT,PC_POP15,A,1996,24.5,,ALCOHOL,TOT,LT_CAP15,A,1.6,,POP,TOT,MLN_PER,A,5.6851,
ISR,SMOKERS,TOT,PC_POP15,A,2000,24.1,,ALCOHOL,TOT,LT_CAP15,A,2.6,,POP,TOT,MLN_PER,A,6.2892,
ISR,SMOKERS,TOT,PC_POP15,A,2002,21.9,B,ALCOHOL,TOT,LT_CAP15,A,2.8,,POP,TOT,MLN_PER,A,6.569957,
ISR,SMOKERS,TOT,PC_POP15,A,2004,21.6,,ALCOHOL,TOT,LT_CAP15,A,2.4,,POP,TOT,MLN_PER,A,6.808969,
ISR,SMOKERS,TOT,PC_POP15,A,2006,19.5,,ALCOHOL,TOT,LT_CAP15,A,2.3,,POP,TOT,MLN_PER,A,7.053707,
ISR,SMOKERS,TOT,PC_POP15,A,2008,18.7,,ALCOHOL,TOT,LT_CAP15,A,2.6,,POP,TOT,MLN_PER,A,7.331353,
ISR,SMOKERS,TOT,PC_POP15,A,2010,18.5,,ALCOHOL,TOT,LT_CAP15,A,2.8,,POP,TOT,MLN_PER,A,7.623561,
ISR,SMOKERS,TOT,PC_POP15,A,2013,16.2,,ALCOHOL,TOT,LT_CAP15,A,2.9,,POP,TOT,MLN_PER,A,8.059456,
ISR,SMOKERS,TOT,PC_POP15,A,2014,17.1,,ALCOHOL,TOT,LT_CAP15,A,2.7,,POP,TOT,MLN_PER,A,8.215668,
ISR,SMOKERS,TOT,PC_POP15,A,2016,19.6,B,ALCOHOL,TOT,LT_CAP15,A,2.7,,POP,TOT,MLN_PER,A,8.546009,
ISR,SMOKERS,TOT,PC_POP15,A,2017,16.9,,ALCOHOL,TOT,LT_CAP15,A,2.9,,POP,TOT,MLN_PER,A,8.713268,
ISR,SMOKERS,TOT,PC_POP15,A,2019,16.4,,ALCOHOL,TOT,LT_CAP15,A,3.1,,POP,TOT,MLN_PER,A,9.054026,
RUS,SMOKERS,TOT,PC_POP15,A,1991,30.0,,ALCOHOL,TOT,LT_CAP15,A,16.1,,POP,TOT,MLN_PER,A,148.39422,
RUS,SMOKERS,TOT,PC_POP15,A,1998,33.9,,ALCOHOL,TOT,LT_CAP15,A,16.9,,POP,TOT,MLN_PER,A,147.670787,
RUS,SMOKERS,TOT,PC_POP15,A,2000,34.9,,ALCOHOL,TOT,LT_CAP15,A,18.8,,POP,TOT,MLN_PER,A,146.596873,
RUS,SMOKERS,TOT,PC_POP15,A,2001,35.1,,ALCOHOL,TOT,LT_CAP15,A,19.4,,POP,TOT,MLN_PER,A,145.976465,
RUS,SMOKERS,TOT,PC_POP15,A,2004,35.8,,ALCOHOL,TOT,LT_CAP15,A,19.3,,POP,TOT,MLN_PER,A,143.821218,
RUS,SMOKERS,TOT,PC_POP15,A,2009,39.4,B,ALCOHOL,TOT,LT_CAP15,A,16.1,,POP,TOT,MLN_PER,A,141.909248,
RUS,SMOKERS,TOT,PC_POP15,A,2016,30.3,B,ALCOHOL,TOT,LT_CAP15,A,13.0,,POP,TOT,MLN_PER,A,146.674542,
RUS,SMOKERS,TOT,PC_POP15,A,2017,27.5,B,ALCOHOL,TOT,LT_CAP15,A,11.1,,POP,TOT,MLN_PER,A,146.842404,
RUS,SMOKERS,TOT,PC_POP15,A,2018,26.7,,ALCOHOL,TOT,LT_CAP15,A,11.1,,POP,TOT,MLN_PER,A,146.830572,
RUS,SMOKERS,TOT,PC_POP15,A,2019,25.8,,ALCOHOL,TOT,LT_CAP15,A,10.8,,POP,TOT,MLN_PER,A,146.764661,
SVN,SMOKERS,TOT,PC_POP15,A,2001,22.4,,ALCOHOL,TOT,LT_CAP15,A,13.0,,POP,TOT,MLN_PER,A,1.992035,
SVN,SMOKERS,TOT,PC_POP15,A,2007,18.9,,ALCOHOL,TOT,LT_CAP15,A,11.0,,POP,TOT,MLN_PER,A,2.019406,
SVN,SMOKERS,TOT,PC_POP15,A,2014,18.9,,ALCOHOL,TOT,LT_CAP15,A,10.9,,POP,TOT,MLN_PER,A,2.061623,
SVN,SMOKERS,TOT,PC_POP15,A,2019,17.4,,ALCOHOL,TOT,LT_CAP15,A,11.1,,POP,TOT,MLN_PER,A,2.08931,
ZAF,SMOKERS,TOT,PC_POP15,A,2000,22.6,D,ALCOHOL,TOT,LT_CAP15,A,7.7,,POP,TOT,MLN_PER,A,46.813268,
ZAF,SMOKERS,TOT,PC_POP15,A,2005,21.6,D,ALCOHOL,TOT,LT_CAP15,A,7.2,,POP,TOT,MLN_PER,A,47.810182,
ZAF,SMOKERS,TOT,PC_POP15,A,2010,21.0,D,ALCOHOL,TOT,LT_CAP15,A,7.1,,POP,TOT,MLN_PER,A,51.095503,
ZAF,SMOKERS,TOT,PC_POP15,A,2015,20.6,D,ALCOHOL,TOT,LT_CAP15,A,7.2,,POP,TOT,MLN_PER,A,55.203738,
ZAF,SMOKERS,TOT,PC_POP15,A,2018,20.3,D,ALCOHOL,TOT,LT_CAP15,A,7.2,,POP,TOT,MLN_PER,A,57.673251,
ZAF,SMOKERS,TOT,PC_POP15,A,2019,20.2,D,ALCOHOL,TOT,LT_CAP15,A,7.2,,POP,TOT,MLN_PER,A,58.532857,
COL,SMOKERS,TOT,PC_POP15,A,2008,17.1,D,ALCOHOL,TOT,LT_CAP15,A,4.4,,POP,TOT,MLN_PER,A,44.451147,
COL,SMOKERS,TOT,PC_POP15,A,2013,13.0,D,ALCOHOL,TOT,LT_CAP15,A,4.3,,POP,TOT,MLN_PER,A,47.121089,
LVA,SMOKERS,TOT,PC_POP15,A,2008,28.1,,ALCOHOL,TOT,LT_CAP15,A,11.8,,POP,TOT,MLN_PER,A,2.177324,
LVA,SMOKERS,TOT,PC_POP15,A,2014,24.6,,ALCOHOL,TOT,LT_CAP15,A,10.6,,POP,TOT,MLN_PER,A,1.993785,
LVA,SMOKERS,TOT,PC_POP15,A,2019,22.6,,ALCOHOL,TOT,LT_CAP15,A,11.6,,POP,TOT,MLN_PER,A,1.913826,
LTU,SMOKERS,TOT,PC_POP15,A,2005,24.5,,ALCOHOL,TOT,LT_CAP15,A,12.5,,POP,TOT,MLN_PER,A,3.322525,
LTU,SMOKERS,TOT,PC_POP15,A,2014,20.3,,ALCOHOL,TOT,LT_CAP15,A,14.2,,POP,TOT,MLN_PER,A,2.932366,
LTU,SMOKERS,TOT,PC_POP15,A,2019,18.9,,ALCOHOL,TOT,LT_CAP15,A,11.1,,POP,TOT,MLN_PER,A,2.794135,
CRI,SMOKERS,TOT,PC_POP15,A,1990,16.6,,ALCOHOL,TOT,LT_CAP15,A,6.1,,POP,TOT,MLN_PER,A,3.029336,
CRI,SMOKERS,TOT,PC_POP15,A,1991,16.2,E,ALCOHOL,TOT,LT_CAP15,A,6.1,,POP,TOT,MLN_PER,A,3.101536,
CRI,SMOKERS,TOT,PC_POP15,A,1992,15.8,E,ALCOHOL,TOT,LT_CAP15,A,5.6,,POP,TOT,MLN_PER,A,3.170537,
CRI,SMOKERS,TOT,PC_POP15,A,1993,15.5,E,ALCOHOL,TOT,LT_CAP15,A,5.6,,POP,TOT,MLN_PER,A,3.239868,
CRI,SMOKERS,TOT,PC_POP15,A,1994,15.1,E,ALCOHOL,TOT,LT_CAP15,A,6.1,,POP,TOT,MLN_PER,A,3.334223,
CRI,SMOKERS,TOT,PC_POP15,A,1995,14.7,,ALCOHOL,TOT,LT_CAP15,A,5.9,,POP,TOT,MLN_PER,A,3.428278,
CRI,SMOKERS,TOT,PC_POP15,A,1996,14.3,E,ALCOHOL,TOT,LT_CAP15,A,5.6,,POP,TOT,MLN_PER,A,3.520866,
CRI,SMOKERS,TOT,PC_POP15,A,1997,13.8,E,ALCOHOL,TOT,LT_CAP15,A,5.6,,POP,TOT,MLN_PER,A,3.611224,
CRI,SMOKERS,TOT,PC_POP15,A,1998,13.4,E,ALCOHOL,TOT,LT_CAP15,A,5.6,,POP,TOT,MLN_PER,A,3.699939,
CRI,SMOKERS,TOT,PC_POP15,A,1999,12.9,E,ALCOHOL,TOT,LT_CAP15,A,5.4,,POP,TOT,MLN_PER,A,3.786841,
CRI,SMOKERS,TOT,PC_POP15,A,2000,12.5,,ALCOHOL,TOT,LT_CAP15,A,4.2,,POP,TOT,MLN_PER,A,3.872349,
CRI,SMOKERS,TOT,PC_POP15,A,2006,15.8,,ALCOHOL,TOT,LT_CAP15,A,4.2,,POP,TOT,MLN_PER,A,4.278656,
CRI,SMOKERS,TOT,PC_POP15,A,2007,15.5,,ALCOHOL,TOT,LT_CAP15,A,4.3,,POP,TOT,MLN_PER,A,4.34039,
CRI,SMOKERS,TOT,PC_POP15,A,2008,15.1,,ALCOHOL,TOT,LT_CAP15,A,4.3,,POP,TOT,MLN_PER,A,4.40409,
CRI,SMOKERS,TOT,PC_POP15,A,2009,14.8,,ALCOHOL,TOT,LT_CAP15,A,4.1,,POP,TOT,MLN_PER,A,4.469337,
CRI,SMOKERS,TOT,PC_POP15,A,2010,14.4,,ALCOHOL,TOT,LT_CAP15,A,3.7,,POP,TOT,MLN_PER,A,4.533894,
CRI,SMOKERS,TOT,PC_POP15,A,2011,13.7,,ALCOHOL,TOT,LT_CAP15,A,3.3,B,POP,TOT,MLN_PER,A,4.592149,
CRI,SMOKERS,TOT,PC_POP15,A,2012,13.0,,ALCOHOL,TOT,LT_CAP15,A,3.2,,POP,TOT,MLN_PER,A,4.65245893050581,
CRI,SMOKERS,TOT,PC_POP15,A,2013,12.3,,ALCOHOL,TOT,LT_CAP15,A,3.1,,POP,TOT,MLN_PER,A,4.71316814141015,
CRI,SMOKERS,TOT,PC_POP15,A,2014,11.7,,ALCOHOL,TOT,LT_CAP15,A,3.2,,POP,TOT,MLN_PER,A,4.77312993384446,
CRI,SMOKERS,TOT,PC_POP15,A,2015,11.0,,ALCOHOL,TOT,LT_CAP15,A,3.2,,POP,TOT,MLN_PER,A,4.8322338134651,
CRI,SMOKERS,TOT,PC_POP15,A,2016,10.5,E,ALCOHOL,TOT,LT_CAP15,A,3.4,,POP,TOT,MLN_PER,A,4.89037945221625,
CRI,SMOKERS,TOT,PC_POP15,A,2017,10.0,E,ALCOHOL,TOT,LT_CAP15,A,3.3,,POP,TOT,MLN_PER,A,4.94748959332252,
CRI,SMOKERS,TOT,PC_POP15,A,2018,9.5,E,ALCOHOL,TOT,LT_CAP15,A,3.3,,POP,TOT,MLN_PER,A,5.00340195767213,
CRI,SMOKERS,TOT,PC_POP15,A,2019,8.9,E,ALCOHOL,TOT,LT_CAP15,A,3.1,,POP,TOT,MLN_PER,A,5.05800714721902,
CRI,SMOKERS,TOT,PC_POP15,A,2020,8.4,E,ALCOHOL,TOT,LT_CAP15,A,3.2,,POP,TOT,MLN_PER,A,5.11123821646865,
CRI,SMOKERS,TOT,PC_POP15,A,2021,7.8,E,ALCOHOL,TOT,LT_CAP15,A,3.1,P,POP,TOT,MLN_PER,A,5.16303797091561,
ARG,SMOKERS,TOT,PC_POP15,A,2010,28.3,D,ALCOHOL,TOT,LT_CAP15,A,8.2,,POP,TOT,MLN_PER,A,40.788453,
ARG,SMOKERS,TOT,PC_POP15,A,2015,26.0,D,ALCOHOL,TOT,LT_CAP15,A,8.5,,POP,TOT,MLN_PER,A,43.131966,
ARG,SMOKERS,TOT,PC_POP15,A,2018,24.7,D,ALCOHOL,TOT,LT_CAP15,A,8.0,,POP,TOT,MLN_PER,A,44.494502,
ARG,SMOKERS,TOT,PC_POP15,A,2019,24.3,D,ALCOHOL,TOT,LT_CAP15,A,8.0,,POP,TOT,MLN_PER,A,44.938712,
